entry,Merged
Giuseppe Prezzolini,Andrea Ragusa
Giuseppe Prezzolini,Gioconda Savini
Giuseppe Prezzolini,Alberto Denti di Pirajno
Giuseppe Prezzolini,Goffredo Parise
Giuseppe Prezzolini,Cesare Pavese
Giuseppe Prezzolini,Uguccione Ranieri di Sorbello
Giuseppe Prezzolini,Elma Baccanelli
Giuseppe Prezzolini,Giovanni Papini
Giuseppe Prezzolini,La Voce
Giuseppe Prezzolini,International Committee on Intellectual Cooperation
Giuseppe Prezzolini,SF Vanni Publishers and Booksellers
Giuseppe Prezzolini,Il Tempo
Giuseppe Prezzolini,Il Resto del Carlino
Giuseppe Prezzolini,Il Borghese
Giuseppe Prezzolini,Italian Academy for Advanced Studies
Giuseppe Prezzolini,The Italian Scene
Giuseppe Prezzolini,Italian Quarterly
Giuseppe Prezzolini,Longanesi & C
Goffredo Parise,Marianne Ceconi Gifford
Goffredo Parise,Gioconda Savini
Goffredo Parise,Giuseppe Prezzolini
Goffredo Parise,Stuart Hood
Goffredo Parise,Mario Schifano
Goffredo Parise,Isabel Quigly
Goffredo Parise,"Farrar, Straus & Company"
Goffredo Parise,Aldo Garzanti Editore
Goffredo Parise,Knopf
Goffredo Parise,Il Corriere della Sera
Goffredo Parise,Longanesi & C
Giulio Einaudi Editore,Giulio Einaudi
Giulio Einaudi Editore,Leone Ginzburg
Giulio Einaudi Editore,Cesare Pavese
Giulio Einaudi Editore,Ernesto de Martino
Giulio Einaudi Editore,Gertrude Stein
Giulio Einaudi Editore,Henry James
Giulio Einaudi Editore,Herman Melville
Giulio Einaudi Editore,Renato Poggioli
Giulio Einaudi Editore,Luigi Einaudi
Giulio Einaudi Editore,Ernest Hemingway
Giulio Einaudi Editore,Elio Vittorini
Giulio Einaudi Editore,Italo Calvino
Giulio Einaudi Editore,Philip Roth
Giulio Einaudi Editore,Saul Bellow
Giulio Einaudi Editore,William Weaver
Giulio Einaudi Editore,Giorgio Bassani
Giulio Einaudi Editore,Umberto Eco
Giulio Einaudi Editore,Natalia Ginzburg
Giulio Einaudi Editore,Elsa Morante
Giulio Einaudi Editore,Primo Levi
Giulio Einaudi Editore,Pier Paolo Pasolini
Giulio Einaudi Editore,Vittorio De Sica
Giulio Einaudi Editore,Giuseppe Berto
Giulio Einaudi Editore,Collana viola
Giulio Einaudi Editore,Coralli
Giulio Einaudi Editore,Supercoralli
Giulio Einaudi Editore,Millenni
Giulio Einaudi Editore,Rockefeller Foundation
Giulio Einaudi Editore,Ford Foundation
Giulio Einaudi Editore,Harvard University
Giulio Einaudi Editore,Random House
Pier Paolo Pasolini,Elsa Morante
Pier Paolo Pasolini,Alberto Moravia
Pier Paolo Pasolini,Oriana Fallaci
Pier Paolo Pasolini,William Faulkner
Pier Paolo Pasolini,Ernest Hemingway
Pier Paolo Pasolini,John Steinbeck
Pier Paolo Pasolini,Cesare Pavese
Pier Paolo Pasolini,Elio Vittorini
Pier Paolo Pasolini,T.S. Eliot
Pier Paolo Pasolini,Ezra Pound
Pier Paolo Pasolini,Allen Ginsberg
Pier Paolo Pasolini,William Weaver
Pier Paolo Pasolini,Giulio Einaudi
Pier Paolo Pasolini,Piero Poletto
Pier Paolo Pasolini,Elma Baccanelli
Pier Paolo Pasolini,Lawrence Ferlinghetti
Pier Paolo Pasolini,Paolo Volponi
Pier Paolo Pasolini,L'Europeo
Pier Paolo Pasolini,Il Corriere della Sera
Pier Paolo Pasolini,Petrolio
Pier Paolo Pasolini,Folder 3
Pier Paolo Pasolini,Aldo Garzanti Editore
Pier Paolo Pasolini,Grove Press
Pier Paolo Pasolini,Jonathan Cape
Pier Paolo Pasolini,MoMA
Pier Paolo Pasolini,Giulio Einaudi Editore
Pier Paolo Pasolini,The Literary Review
Pier Paolo Pasolini,Botteghe Oscure
Pier Paolo Pasolini,Chelsea
Pier Paolo Pasolini,Rizzoli Editore
Pier Paolo Pasolini,Princeton University
Pier Paolo Pasolini,Federico Fellini
Pier Paolo Pasolini,Cineriz
Pier Paolo Pasolini,Marcello Mastroianni
Pier Paolo Pasolini,Cinecitta
WOV,Erberto Landi
Erberto Landi,NBC
Erberto Landi,Office of War Information
New Directions,James Laughlin
New Directions,Federico Garcia Lorca
New Directions,Jorge Luis Borges
New Directions,Paul Eluard
New Directions,Elio Vittorini
New Directions,Roberto Sanesi
New Directions,Tommaso Landolfi
New Directions,Mario Luzi
New Directions,Giuseppe Ungaretti
New Directions,Eugenio Montale
New Directions,Cesare Pavese
New Directions,Andrea Zanzotto
New Directions,Tommaso Giglio
New Directions,Giorgio Monicelli
New Directions,Niccolo Tucci
New Directions,Elio Pagliarani
New Directions,Luigi Ballerini
New Directions,William F Weaver
New Directions,Maurice English
New Directions,Vittoria Bradshaw
New Directions,William Young
New Directions,Raymond Rosenthal
New Directions,Norman Thomas di Giovanni
New Directions,Enrico Pea
New Directions,Ezra Pound
New Directions,William Demby
New Directions,Tito Guerrini
New Directions,Leslie Fiedler
New Directions,Dante Alighieri
New Directions,Leonardo Da Vinci
New Directions,Renato Poggioli
New Directions,Giuseppe Berto
New Directions,Smith College
New Directions,Middlebury College
New Directions,Brown University
New Directions,Botteghe Oscure
New Directions,The New Yorker
New Directions,Partisan Review
New Directions,Gruppo '63
New Directions,Moscardino
Alba de Cespedes,Commerce
Alba de Cespedes,Botteghe Oscure
Alba de Cespedes,New Italian Writers
Alba de Cespedes,Harper & Brothers
Alba de Cespedes,Doubleday & Company
Alba de Cespedes,Harcourt
Botteghe Oscure,Giorgio Bassani
Botteghe Oscure,John L Brown
Botteghe Oscure,Frances Steloff
Botteghe Oscure,Natalia Ginzburg
Botteghe Oscure,Vasco Pratolini
Botteghe Oscure,Carlo Cassola
Botteghe Oscure,Guglielmo Petroni
Botteghe Oscure,Giuseppe Tomasi di Lampedusa
Botteghe Oscure,Giorgio Caproni
Botteghe Oscure,Carlo Levi
Botteghe Oscure,Umberto Saba
Botteghe Oscure,Giuseppe Ungaretti
Botteghe Oscure,Pier Paolo Pasolini
Botteghe Oscure,Marguerite Chapin Caetani
Botteghe Oscure,Antonio Barolini
Botteghe Oscure,Archibald MacLeish
Botteghe Oscure,Commerce
Botteghe Oscure,Books Abroad
Botteghe Oscure,New Italian Writers
Botteghe Oscure,Holliday Bookshop
Botteghe Oscure,Foreign Books di Schoenhof
Botteghe Oscure,Red Door Bookshop
Botteghe Oscure,"Farrar, Straus & Company"
Botteghe Oscure,Noonday Press
Botteghe Oscure,Wesleyan University Press
Botteghe Oscure,United States Information Service
Botteghe Oscure,Time
Botteghe Oscure,The New Yorker
Botteghe Oscure,Gotham Book Mart
Botteghe Oscure,Vogue
Botteghe Oscure,Knopf
Botteghe Oscure,New Directions
Marguerite Chapin Caetani,Prince of Bassiano Roffredo Caetani
Marguerite Chapin Caetani,Giuseppe Ungaretti
Marguerite Chapin Caetani,Alberto Moravia
Marguerite Chapin Caetani,Ignazio Silone
Marguerite Chapin Caetani,Elsa Dallolio
Marguerite Chapin Caetani,Marguerite Young
Marguerite Chapin Caetani,Theodore Roethke
Marguerite Chapin Caetani,Allan Tate
Marguerite Chapin Caetani,Wallace Fowlie
Marguerite Chapin Caetani,Jackson Mathews
Marguerite Chapin Caetani,Eugene Walter
Marguerite Chapin Caetani,Katherine Garrison Chapin
Marguerite Chapin Caetani,William P Wilcox
Marguerite Chapin Caetani,Cass Canfield
Marguerite Chapin Caetani,Guglielmo Petroni
Marguerite Chapin Caetani,Peter Tompkins
Marguerite Chapin Caetani,Blanche Knopf
Marguerite Chapin Caetani,Macha L Rosenthal
Marguerite Chapin Caetani,William Weaver
Marguerite Chapin Caetani,Knopf
Uguccione Ranieri di Sorbello,Romeyne Robert
Uguccione Ranieri di Sorbello,Giuseppe Prezzolini
Uguccione Ranieri di Sorbello,Riccardo Paladini
Uguccione Ranieri di Sorbello,Maria Jacch
Uguccione Ranieri di Sorbello,Yale University
Uguccione Ranieri di Sorbello,Middlebury College
Uguccione Ranieri di Sorbello,Il Corriere del Connecticut
Uguccione Ranieri di Sorbello,Il Progresso
Uguccione Ranieri di Sorbello,Italy-America Review
Uguccione Ranieri di Sorbello,Giornalino
Uguccione Ranieri di Sorbello,Italian Academy for Advanced Studies
Uguccione Ranieri di Sorbello,Italian Ministry of Culture
Uguccione Ranieri di Sorbello,Italian Ministry of Foreign Affairs
Uguccione Ranieri di Sorbello,Italian Embassy in Washington
Uguccione Ranieri di Sorbello,Italian Consulates
Uguccione Ranieri di Sorbello,The Italian Scene
Uguccione Ranieri di Sorbello,American Association Teachers of Italian
Uguccione Ranieri di Sorbello,HemisFair Universal Exposition
Natalia Danesi Murray,William Murray
Natalia Danesi Murray,Janet Flanner
Natalia Danesi Murray,Bassani
Natalia Danesi Murray,Moravia
Natalia Danesi Murray,Leonor Finti
Natalia Danesi Murray,Carlo Levi
Natalia Danesi Murray,Luigi Barzini
Natalia Danesi Murray,Alcide De Gasperi
Natalia Danesi Murray,Sandro Pertini
Natalia Danesi Murray,Alba de Cespedes
Natalia Danesi Murray,Rufus Morey
Natalia Danesi Murray,Joseph Burstyn
Natalia Danesi Murray,Anna Magnani
Natalia Danesi Murray,Vasco Pratolini
Natalia Danesi Murray,Alfonso Gatto
Natalia Danesi Murray,Vittorio Sereni
Natalia Danesi Murray,Arnoldo Mondadori
Natalia Danesi Murray,Nando Sampietro
Natalia Danesi Murray,Gianfranco Cantini
Natalia Danesi Murray,Giuseppe Ungaretti
Natalia Danesi Murray,President Johnson
Natalia Danesi Murray,Sergio Fenoaltea
Natalia Danesi Murray,Andrea Rizzoli
Natalia Danesi Murray,Oriana Fallaci
Natalia Danesi Murray,Marguerite Chapin Caetani
Natalia Danesi Murray,Gabriele d'Annunzio
Natalia Danesi Murray,NBC
Natalia Danesi Murray,The New Yorker
Natalia Danesi Murray,Women Army Corps
Natalia Danesi Murray,National Liberation Committee
Natalia Danesi Murray,United States Information Service
Natalia Danesi Murray,Mademoiselle
Natalia Danesi Murray,Harper's Bazaar
Natalia Danesi Murray,Bellissima
Natalia Danesi Murray,Epoca
Natalia Danesi Murray,World's Fair
Natalia Danesi Murray,Rizzoli Editore
Natalia Danesi Murray,Arnoldo Mondadori Editore
Antonio Barolini,Helen Mollica
Antonio Barolini,Helen Barolini
Antonio Barolini,Adriano Olivetti
Antonio Barolini,Teodolinda Barolini
Antonio Barolini,Edizioni dell'Asino Volante
Antonio Barolini,Movimento Comunita
Antonio Barolini,La Stampa
Antonio Barolini,Epoca
Antonio Barolini,Reporter
Antonio Barolini,Saturday Review
Antonio Barolini,The Critic
Antonio Barolini,The New Yorker
Antonio Barolini,Harper & Brothers
Antonio Barolini,Feltrinelli
Antonio Barolini,Guernica
Antonio Barolini,Pantheon Books
Antonio Barolini,Botteghe Oscure
Antonio Barolini,Italian Poetry Review
Antonio Barolini,Columbia University
Antonio Barolini,Accademia Olimpica
Antonio Barolini,Biblioteca Civica Bertoliana of Vicenza
Milena Milani,Anna Drei
Milena Milani,Giuseppe Ungaretti
Milena Milani,Graham Snell
Milena Milani,Tonino Valerii
Milena Milani,Carlo Cardazzo
Milena Milani,Fondazione Museo d'Arte Contemporanea in Memoria di Carlo Cardazzo
Milena Milani,Arnoldo Mondadori Editore
Milena Milani,Random House
Milena Milani,Longanesi & C
Milena Milani,Rizzoli Editore
Milena Milani,Giulio Einaudi Editore
Frank Snowden Jr.,Vito Beltrani
Frank Snowden Jr.,Boston Latin School
Frank Snowden Jr.,Rosenwald Fellowship
Frank Snowden Jr.,Il Tevere
Frank Snowden Jr.,Il Giornalissimo
Frank Snowden Jr.,Fulbright Program
Frank Snowden Jr.,United States Information Service
Frank Snowden Jr.,Il Quotidiano
Frank Snowden Jr.,La Voce Repubblicana
Frank Snowden Jr.,Il Momento
Frank Snowden Jr.,US Embassy in Rome
Frank Snowden Jr.,A European View of American Education
Frank Snowden Jr.,American Philological Association
Elma Baccanelli,Giuseppe Prezzolini
Elma Baccanelli,Fiorello La Guardia
Elma Baccanelli,Carlo Laurenzi
Elma Baccanelli,Carlo Levi
Elma Baccanelli,Eugenio Montale
Elma Baccanelli,Teresa Foscari Foscolo
Elma Baccanelli,Alfonso Gatto
Elma Baccanelli,Pier Paolo Pasolini
Elma Baccanelli,Vitaliano Brancati
Elma Baccanelli,Carlo Cassola
Elma Baccanelli,Giorgio Bassani
Elma Baccanelli,Giovanni Macchia
Elma Baccanelli,Manlio Cancogni
Elma Baccanelli,Columbia University
Elma Baccanelli,New York Times
Elma Baccanelli,US Army
Elma Baccanelli,Office of War Information
Elma Baccanelli,United States Information Service
Elma Baccanelli,US Embassy in Rome
Elma Baccanelli,Psychological Warfare Branch
Elma Baccanelli,La Stampa
Elma Baccanelli,Corriere della Sera
Elma Baccanelli,Italia Nostra
Italian Quarterly,Carlo Luigi Golino
Italian Quarterly,"Lowry Nelson, Jr"
Italian Quarterly,Pier Maria Pasinetti
Italian Quarterly,Charles Speroni
Italian Quarterly,Michael De Filippis
Italian Quarterly,Paolo Milano
Italian Quarterly,Mario Pei
Italian Quarterly,Renato Poggioli
Italian Quarterly,Charles S Singleton
Italian Quarterly,Carlo Goldoni
Italian Quarterly,Ugo Foscolo
Italian Quarterly,Dino Campana
Italian Quarterly,Eugenio Montale
Italian Quarterly,Italo Svevo
Italian Quarterly,Salvatore Quasimodo
Italian Quarterly,Giovanni Verga
Italian Quarterly,Dante Alighieri
Italian Quarterly,Giuseppe Prezzolini
Italian Quarterly,Leslie Fiedler
Italian Quarterly,Richard Wilbur
Italian Quarterly,Anthony Hecht
Italian Quarterly,William Jay Smith
Italian Quarterly,WH Auden
Italian Quarterly,Vincent Luciani
Italian Quarterly,Mario Soldati
Italian Quarterly,Dante della Terza
Italian Quarterly,Thomas Bergin
Italian Quarterly,UC Los Angeles
Italian Quarterly,UC Riverside
Italian Quarterly,University of Massachusetts
Italian Quarterly,Dante Society of America
Italian Quarterly,Yale University
Italian Quarterly,UC Berkeley
Italian Quarterly,City University of New York
Italian Quarterly,L'Espresso
Italian Quarterly,Columbia University
Italian Quarterly,Harvard University
Italian Quarterly,Johns Hopkins University
Italian Quarterly,Rutgers University
Alfred Kazin,Margherita Santi Farina
Alfred Kazin,Masolino d'Amico
Alfred Kazin,Ignazio Silone
Alfred Kazin,Carlo Levi
Alfred Kazin,Luigi Pirandello
Alfred Kazin,Paolo Milano
Alfred Kazin,Gaetano Salvemini
Alfred Kazin,Primo Levi
Alfred Kazin,Leo Stein
Alfred Kazin,Bernard Berenson
Alfred Kazin,Ugo Stille
Alfred Kazin,Villa I Tatti
Alfred Kazin,Salzburg Seminar in American Studies
Alfred Kazin,Rizzoli Editore
Alfred Kazin,Europe-America Groups
Alfred Kazin,Longanesi & C.
Longanesi & C.,Giovanni Ansaldo
Longanesi & C.,Alberto Moravia
Longanesi & C.,Indro Montanelli
Longanesi & C.,Dino Buzzati
Longanesi & C.,Giuseppe Prezzolini
Longanesi & C.,Alan Furst
Longanesi & C.,Langston Hughes
Longanesi & C.,Charles Jackson
Longanesi & C.,Willa Cather
Longanesi & C.,Ennio Flaiano
Longanesi & C.,Stuart Hood
Longanesi & C.,John Lehman
Longanesi & C.,Sheila Cudahy
Longanesi & C.,Jules Dassin
Longanesi & C.,Giuliano Montaldo
Longanesi & C.,Giuseppe Berto
Longanesi & C.,Claudio Gora
Longanesi & C.,Vittorio De Sica
Longanesi & C.,Luigi Bartolini
Longanesi & C.,Vitaliano Brancati
Longanesi & C.,Giovanni Comisso
Longanesi & C.,Milena Milani
Longanesi & C.,Mario Soldati
Longanesi & C.,Giuseppe Marotta
Longanesi & C.,Mario Laboccetta
Longanesi & C.,Goffredo Parise
Longanesi & C.,Mario Spagnol
Longanesi & C.,Il Cammeo
Longanesi & C.,Pellegrini & Cudahy
Longanesi & C.,Signet Books
Longanesi & C.,New Directions
Longanesi & C.,New American Library
Longanesi & C.,Macmillan Company
Longanesi & C.,Messaggerie Italiane
Rizzoli Editore,Angelo Rizzoli
Rizzoli Editore,Federico Fellini
Rizzoli Editore,Luchino Visconti
Rizzoli Editore,Pier Paolo Pasolini
Rizzoli Editore,Oriana Fallaci
Rizzoli Editore,Giuseppe Berto
Rizzoli Editore,Riccardo Bacchelli
Rizzoli Editore,Giovanni Guareschi
Rizzoli Editore,Vincenzo Trubridge
Rizzoli Editore,Frances Frenaye
Rizzoli Editore,Keith Jennison
Rizzoli Editore,Leo de Castelnovo
Rizzoli Editore,Ignazio Silone
Rizzoli Editore,Italo Calvino
Rizzoli Editore,Guido Tallone
Rizzoli Editore,Martin Scorsese
Rizzoli Editore,Niccolo Tucci
Rizzoli Editore,Alfred Kazin
Rizzoli Editore,Giorgio Cavaglieri
Rizzoli Editore,Natalia Danesi Murray
Rizzoli Editore,Janet Flanner
Rizzoli Editore,Marella Agnelli
Rizzoli Editore,Andrea Rizzoli
Rizzoli Editore,Biblioteca Universale Rizzoli
Rizzoli Editore,UNESCO
Rizzoli Editore,Cineriz
Rizzoli Editore,Il Corriere della Sera
Rizzoli Editore,Graded Italian Reader Second Stage
Rizzoli Editore,DC Heath and Company
Rizzoli Editore,The New York Times
Rizzoli Editore,Italian Week on Fifth Avenue
Rizzoli Editore,Italian American Week
Rizzoli Editore,Arnoldo Mondadori Editore
Ugo Stille,Giovanni Gentile
Ugo Stille,Giaime Pintor
Ugo Stille,Bruno Zevi
Ugo Stille,Niccolo Tucci
Ugo Stille,Nicola Chiaromonte
Ugo Stille,Franco Modigliani
Ugo Stille,Max Ascoli
Ugo Stille,Alberto Tarchiani
Ugo Stille,Gaetano Salvemini
Ugo Stille,Elio Vittorini
Ugo Stille,Carlo Levi
Ugo Stille,Elizabeth Bogert
Ugo Stille,Alfred Kazin
Ugo Stille,Ennio Caretto
Ugo Stille,Arturo Zampaglione
Ugo Stille,Vittorio Ivella
Ugo Stille,Stefano Eco
Ugo Stille,Ignazio Silone
Ugo Stille,University of Rome
Ugo Stille,Oggi
Ugo Stille,US Army
Ugo Stille,Psychological Warfare Branch
Ugo Stille,Giulio Einaudi Editore
Ugo Stille,Il Corriere della Sera
Ugo Stille,Partisan Review
Ugo Stille,Tempo Presente
Ugo Stille,The New York Times
American Academy,George Howe
American Academy,Louis Kahn
American Academy,Michael Graves
American Academy,Pietro Belluschi
American Academy,Robert Venturi
American Academy,Alfred H Barr
American Academy,Leonard Bernstein
American Academy,Pier Luigi Nervi
American Academy,Iris Origo
American Academy,Gian Carlo Menotti
American Academy,Richard Wilbur
American Academy,Louis Simpson
American Academy,Richard Meier
American Academy,Archibald MacLeish
American Academy,John Anthony Ciardi
American Academy,MoMA
American Academy,Fulbright Program
Princeton University,William Fense Weaver
Princeton University,Italo Calvino
Princeton University,Umberto Eco
Princeton University,Giorgio Bassani
Princeton University,Pier Paolo Pasolini
Princeton University,Luigi Pirandello
Princeton University,Ugo Moretti
Princeton University,Eugenio Montale
Princeton University,Giuseppe Berto
Princeton University,Carlo Emilio Gadda
Princeton University,Carlo Cassola
Princeton University,Ignazio Silone
Princeton University,Raffaele La Capria
Princeton University,Charles T Davis
Princeton University,Dante Alighieri
Princeton University,Raymond Grew
Princeton University,Octavian Augustus
Princeton University,Marcus Aurelius
Princeton University,Luca Cambiaso
Princeton University,Parmigianino
Princeton University,Giambattista Tiepolo
Princeton University,Amedeo Modigliani
Princeton University,Vittore Carpaccio
Princeton University,Michelangelo
Princeton University,Gian Lorenzo Bernini
Princeton University,Princeton University Press
Princeton University,Princeton University Art Museum
Lydia Holland,Margaret Leonora Eyles
Lydia Holland,David L Murray
Lydia Holland,Vivyan Leonora Eyles
Lydia Holland,Mario Praz
Lydia Holland,Wolfgang Fritz Volbach
Lydia Holland,Alberto Moravia
Lydia Holland,Angus Davidson
Lydia Holland,Times Literary Supplement
Lydia Holland,"St Hugh's College, Oxford"
Lydia Holland,University of Liverpool
Lydia Holland,La Sapienza
Lydia Holland,Secker & Warburg
Lydia Holland,"Farrar, Straus & Company"
Lydia Holland,Penguin
Lydia Holland,Signet Books
Lydia Holland,New American Library
Iris Origo,Bayard Cutting
Iris Origo,Sybil Cuffe
Iris Origo,Bernard Berenson
Iris Origo,Edith Wharton
Iris Origo,George Santayana
Iris Origo,Antonio Origo
Iris Origo,Cecil Pinsent
Iris Origo,Virginia Woolf
Iris Origo,Leonard Woolf
Iris Origo,Giacomo Leopardi
Iris Origo,Cola di Rienzo
Iris Origo,Lauro de Bosis
Iris Origo,Ruth Draper
Iris Origo,Gaetano Salvemini
Iris Origo,Ignazio Silone
Iris Origo,Francesco Datini
Iris Origo,Lord Byron
Iris Origo,Teresa Guiccioli
Iris Origo,Marguerite Chapin Caetani
Iris Origo,Elena Croce
Iris Origo,Elsa Dallolio
Iris Origo,Giovanna Benzoni
Iris Origo,Sunday Times
Iris Origo,Villa Medici
Iris Origo,Hogarth Press
Iris Origo,New York Review Classics
Iris Origo,Harvard University
Iris Origo,Radcliffe College
Iris Origo,Smith College
Iris Origo,The Atlantic Monthly
Iris Origo,Cornhill Magazine
Iris Origo,Vogue
Iris Origo,Botteghe Oscure
Divagando,Andre Luotto
Divagando,Frank V Liotta
Divagando,Giorgio Gatti
Divagando,Pietro Novasio
Divagando,Alcide De Gasperi
Divagando,Alberto Viviani
Divagando,Marcello Marchesi
Divagando,Carlo Coccioli
Divagando,American Committee on Italian Migration
Divagando,Charles L'Episcopo
Andre Luotto,Paolo Luotto
Andre Luotto,Gaetano Salvemini
Andre Luotto,Frank V Liotta
Andre Luotto,Frank Gatti
Andre Luotto,Fiorello La Guardia
Andre Luotto,Enrico Caruso
Andre Luotto,Arturo Toscanini
Andre Luotto,Luigi Pirandello
Andre Luotto,WOV
Andre Luotto,Divagando
Andre Luotto,Il Carroccio
Andre Luotto,Dante Society of America
Andre Luotto,Il Corriere d'America
Andre Luotto,L'Americolo
Gregory Corso,Allen Ginsberg
Gregory Corso,Jack Kerouac
Gregory Corso,Lawrence Ferlinghetti
Gregory Corso,Sergio Perosa
Gregory Corso,Gianni Menarini
Gregory Corso,Fernanda Pivano
Gregory Corso,Ettore Sottsass
Gregory Corso,Pablo Neruda
Gregory Corso,Stephen Spender
Gregory Corso,Anthony Hecht
Gregory Corso,Octavio Paz
Gregory Corso,Salvatore Quasimodo
Gregory Corso,Amiri Baraka
Gregory Corso,Dario Bellezza
Gregory Corso,William Burroughs
Gregory Corso,Diane di Prima
Gregory Corso,John Giorno
Gregory Corso,Brion Gysin
Gregory Corso,Amelia Rosselli
Gregory Corso,Percy Bysshe Shelley
Gregory Corso,Lucky Luciano
Gregory Corso,City Lights Booksellers and Publishers
Gregory Corso,Bompiani Editore
Gregory Corso,Guanda Editore
Gregory Corso,East 128
Gregory Corso,Festival dei Due Mondi
Gregory Corso,Festival di Castel Porziano
Lawrence Ferlinghetti,Peter Martin
Lawrence Ferlinghetti,Allen Ginsberg
Lawrence Ferlinghetti,Ezra Pound
Lawrence Ferlinghetti,Charles Olson
Lawrence Ferlinghetti,Pier Paolo Pasolini
Lawrence Ferlinghetti,Primo Levi
Lawrence Ferlinghetti,Romano Giachetti
Lawrence Ferlinghetti,Alfredo Rizzardi
Lawrence Ferlinghetti,Nat Scamacca
Lawrence Ferlinghetti,Bruno Marcer
Lawrence Ferlinghetti,Roberto Sanesi
Lawrence Ferlinghetti,Floriana Bossi
Lawrence Ferlinghetti,City Lights Booksellers and Publishers
Lawrence Ferlinghetti,Guanda Editore
Lawrence Ferlinghetti,Giulio Einaudi Editore
Festival of the Two Worlds,Gian Carlo Menotti
Festival of the Two Worlds,Tennessee Williams
Festival of the Two Worlds,Luchino Visconti
Festival of the Two Worlds,Allen Ginsberg
Festival of the Two Worlds,Ezra Pound
Festival of the Two Worlds,Lawrence Ferlinghetti
Festival of the Two Worlds,Gregory Corso
Festival of the Two Worlds,Vittorio Gassman
Festival of the Two Worlds,Fernanda Pivano
William Demby,Giorgio De Chirico
William Demby,Roberto Rossellini
William Demby,Renzo Vespignani
William Demby,Marcello Muccini
William Demby,Lucia Drudi
William Demby,Camillo Mastrocinque
William Demby,Epoca
William Demby,Europa '51
William Demby,City University of New York
Paolo Milano,Silvio D'Amico
Paolo Milano,Thomas Mann
Paolo Milano,Gerhart Hauptmann
Paolo Milano,Gotthold Ephraim Lessing
Paolo Milano,Angelo Fortunato Formiggini
Paolo Milano,Andrea Caffi
Paolo Milano,WH Auden
Paolo Milano,Laurence Binyon
Paolo Milano,C H Grandgent
Paolo Milano,Dante Gabriel Rossetti
Paolo Milano,Alfred Kazin
Paolo Milano,Cesare Pavese
Paolo Milano,Saul Bellow
Paolo Milano,Renato Poggioli
Paolo Milano,Times Literary Supplement
Paolo Milano,"St Hugh's College, Oxford"
Paolo Milano,University of Liverpool
Paolo Milano,La Sapienza
Paolo Milano,Secker & Warburg
Paolo Milano,"Farrar, Straus & Company"
Paolo Milano,Penguin
Paolo Milano,Signet Books
Paolo Milano,New American Library
Nicola Chiaromonte,Office of War Information
Nicola Chiaromonte,Adriano Tilgher
Nicola Chiaromonte,Giorgio Diaz de Santillana
Nicola Chiaromonte,Alberto Moravia
Nicola Chiaromonte,Carlo Levi
Nicola Chiaromonte,Mario Soldati
Nicola Chiaromonte,Dino Terra
Nicola Chiaromonte,Paolo Milano
Nicola Chiaromonte,Francesco Grandjacquet
Nicola Chiaromonte,Carlo Rosselli
Nicola Chiaromonte,Andrea Caffi
Nicola Chiaromonte,Mario Levi
Nicola Chiaromonte,Natalia Ginzburg
Nicola Chiaromonte,Andre Malraux
Nicola Chiaromonte,Raymond Aron
Nicola Chiaromonte,Lionello Venturi
Nicola Chiaromonte,Franco Venturi
Nicola Chiaromonte,Paul Desjardins
Nicola Chiaromonte,Renzo Guia
Nicola Chiaromonte,Giuseppe Emanuele Modigliani
Nicola Chiaromonte,Giuseppe Faravelli
Nicola Chiaromonte,Angelo Tasca
Nicola Chiaromonte,Ignazio Silone
Nicola Chiaromonte,Albert Camus
Nicola Chiaromonte,Max Ascoli
Nicola Chiaromonte,Gaetano Salvemini
Nicola Chiaromonte,Ugo Stille
Nicola Chiaromonte,Lamberto Borghi
Nicola Chiaromonte,Aldo Bruzzichelli
Nicola Chiaromonte,Niccolo Tucci
Nicola Chiaromonte,Meyer Schapiro
Nicola Chiaromonte,Dwight Macdonald
Nicola Chiaromonte,Mary McCarthy
Nicola Chiaromonte,Hannah Arendt
Nicola Chiaromonte,Lionel Abel
Nicola Chiaromonte,Robert Lowell
Nicola Chiaromonte,Elizabeth Hardwick
Nicola Chiaromonte,William Phillips
Nicola Chiaromonte,William Barrett
Nicola Chiaromonte,Philip Rhav
Nicola Chiaromonte,James T Farrell
Nicola Chiaromonte,Sidney Hook
Nicola Chiaromonte,Simone Weil
Nicola Chiaromonte,PJ Proudhon
Nicola Chiaromonte,Georges Gurvitch
Nicola Chiaromonte,HJ Kaplan
Nicola Chiaromonte,Saul Bellow
Nicola Chiaromonte,University of Rome
Nicola Chiaromonte,Giustizia e Liberta
Nicola Chiaromonte,Office of War Information
Nicola Chiaromonte,L'Italia Libera
Nicola Chiaromonte,The New Republic
Nicola Chiaromonte,Partisan Review
Nicola Chiaromonte,UNESCO
Nicola Chiaromonte,Congress for Cultural Freedom
Nicola Chiaromonte,Il Mondo
Nicola Chiaromonte,Tempo Presente
Nicola Chiaromonte,Dissent
Tempo Presente,Ignazio Silone
Tempo Presente,Nicola Chiaromonte
Tempo Presente,Italo Calvino
Tempo Presente,Alberto Moravia
Tempo Presente,Albert Camus
Tempo Presente,Leonardo Sciascia
Tempo Presente,Enzo Forcella
Tempo Presente,Nelo Risi
Tempo Presente,Elsa Morante
Tempo Presente,Altiero Spinelli
Tempo Presente,Gustaw Herling
Tempo Presente,Elemire Zolla
Tempo Presente,Isaiah Berlin
Tempo Presente,Mary McCarthy
Tempo Presente,Guido Piovene
Tempo Presente,Dwight Macdonald
Tempo Presente,Associazione italiana per la liberta della cultura
Tempo Presente,Congress for Cultural Freedom
Tempo Presente,Partisan Review
Tempo Presente,Dissent
Tempo Presente,Encounter
Giuseppe Berto,James Laughlin
Giuseppe Berto,Angus Davidson
Giuseppe Berto,David McDowell
Giuseppe Berto,Arthur Miller
Giuseppe Berto,Martha Foley
Giuseppe Berto,Alberto Moravia
Giuseppe Berto,Elio Vittorini
Giuseppe Berto,Ernest Hemingway
Giuseppe Berto,John Steinbeck
Giuseppe Berto,Claudio Gora
Giuseppe Berto,Ben Johnson
Giuseppe Berto,New Directions
Giuseppe Berto,Book Find Club
Giuseppe Berto,Acta Films
Giuseppe Berto,New American Library
Giuseppe Berto,Greenwood Press
Giuseppe Berto,Giulio Einaudi Editore
Giuseppe Berto,Book of the Month Club
Giuseppe Berto,Signet Books
Giuseppe Berto,Simon and Schuster
Giuseppe Berto,Modern Library
Giuseppe Berto,Rizzoli Editore
Giuseppe Berto,Knopf
Isabel Quigly,Raffaello Salimbeni
Isabel Quigly,Alba de Cespedes
Isabel Quigly,Elsa Morante
Isabel Quigly,Giorgio Bassani
Isabel Quigly,Simon Bessie
Isabel Quigly,Eric Linder
Isabel Quigly,William Weaver
Isabel Quigly,Carlo Cassola
Isabel Quigly,Lorenza Mazzetti
Isabel Quigly,Silvano Ceccherini
Isabel Quigly,Oriana Fallaci
Isabel Quigly,Robin Healey
Isabel Quigly,Angus Davidson
Isabel Quigly,Frances Frenaye
Isabel Quigly,Eric Mosbacher
Isabel Quigly,Penguin
Isabel Quigly,Collins
Isabel Quigly,Harcourt
Primo Levi,Franco Antonicelli
Primo Levi,Anna Foa
Primo Levi,Laura Capon
Primo Levi,Stuart J Woolf
Primo Levi,Leonardo De Benedetti
Primo Levi,Saul Bellow
Primo Levi,Philip Roth
Primo Levi,Ann Goldstein
Primo Levi,Einaudi
Primo Levi,"Little, Brown & Company"
Primo Levi,Orion Press
Primo Levi,Collier Books
Primo Levi,Schocken Books
Primo Levi,Norton-Liveright
Primo Levi,Ca' Foscari University
Giovanni Papini,Giuseppe Prezzolini
Giovanni Papini,Charles Sanders Peirce
Giovanni Papini,William James
Giovanni Papini,George Berkeley
Giovanni Papini,Herbert Spencer
Giovanni Papini,Walt Whitman
Giovanni Papini,Dorothy Canfield Fisher
Giovanni Papini,Dante Alighieri
Giovanni Papini,Pope Celestine VI
Giovanni Papini,Henry Miller
Giovanni Papini,Leonardo Da Vinci
Giovanni Papini,La Voce
Giovanni Papini,Thomas Y Crowell Company Publishers
Giovanni Papini,Columbia University
Giovanni Papini,"Harcourt, Brace & Company"
Giovanni Papini,Macmillan Company
Giovanni Papini,Grove Press
Giovanni Papini,Books for Libraries Press
Giovanni Papini,Greenwood Press
Giovanni Papini,Four and Twenty Minds Essays
Paolo Volponi,Cid Corman
Paolo Volponi,Vittoria Bradshaw
Paolo Volponi,Belen Sevareid
Paolo Volponi,Pier Paolo Pasolini
Paolo Volponi,Origin
Paolo Volponi,Italian Quarterly
Paolo Volponi,"From Pure Silence to Impure Dialogue: A Survey of Post-War Italian Poetry, 1945-1965"
Paolo Volponi,Grossman Publishers
Paolo Volponi,Las Americas Publishing Co
Paolo Volponi,Italica Press
Paolo Volponi,American Association for Italian Studies
Paolo Volponi,Brigham Young University
Ignazio Silone,Luigi Pirandello
Ignazio Silone,Frances Frenaye
Ignazio Silone,Darina Laracy
Ignazio Silone,Nicola Chiaromonte
Ignazio Silone,Melvin Lasky
Ignazio Silone,William Weaver
Ignazio Silone,Bread and Wine
Ignazio Silone,Tempo Presente
Ignazio Silone,Congress for Cultural Freedom
Ignazio Silone,New York Times
Ignazio Silone,Harper & Brothers
Ignazio Silone,Harrison Smith & Robert Haas
Ignazio Silone,Random House
Ignazio Silone,New American Library
Ignazio Silone,"Row, Peterson & Company"
Ignazio Silone,Ford Foundation
Ignazio Silone,Central Intelligence Agency
Tommaso Landolfi,Jack Murphy
Tommaso Landolfi,Marguerite Chapin Caetani
Tommaso Landolfi,James Laughlin
Tommaso Landolfi,Susan Sontag
Tommaso Landolfi,Jorge Luis Borges
Tommaso Landolfi,Isak Dinesen
Tommaso Landolfi,Leonard Michaels
Tommaso Landolfi,Patricia M Gathercole
Tommaso Landolfi,Edgar Allan Poe
Tommaso Landolfi,The New York Times
Tommaso Landolfi,Studies in Short Fictions
Tommaso Landolfi,Encounter
Tommaso Landolfi,New Directions
Tommaso Landolfi,The Dial Press
Tommaso Landolfi,Bompiani Editore
Tommaso Landolfi,Dover Publications
Dante Arfelli,Marino Moretti
Dante Arfelli,Gino Montesanto
Dante Arfelli,Enrico Panunzio
Dante Arfelli,Michele Prisco
Dante Arfelli,Frances Frenaye
Dante Arfelli,Hall Wheelock
Dante Arfelli,Anthony West
Dante Arfelli,William Weaver
Dante Arfelli,Alberto Moravia
Dante Arfelli,Adrienne Foulke
Dante Arfelli,Ivan Simonini
Dante Arfelli,New Directions
Dante Arfelli,Book Find Club
Dante Arfelli,Acta Films
Dante Arfelli,New American Library
Dante Arfelli,Greenwood Press
Dante Arfelli,Giulio Einaudi Editore
Dante Arfelli,Book of the Month Club
Dante Arfelli,Signet Books
Dante Arfelli,Simon and Schuster
Dante Arfelli,Modern Library
Dante Arfelli,Rizzoli Editore
Dante Arfelli,Knopf
Congress for Cultural Freedom,Sidney Hook
Congress for Cultural Freedom,Melvin Lasky
Congress for Cultural Freedom,Michael Josselson
Congress for Cultural Freedom,Irving Brown
Congress for Cultural Freedom,Haakon Lie
Congress for Cultural Freedom,Arthur Koestler
Congress for Cultural Freedom,Raymond Aron
Congress for Cultural Freedom,Eugen Kogon
Congress for Cultural Freedom,Carlo Schmid
Congress for Cultural Freedom,David Rousset
Congress for Cultural Freedom,Georges Altman
Congress for Cultural Freedom,Ignazio Silone
Congress for Cultural Freedom,Nicola Chiaromonte
Congress for Cultural Freedom,Stephen Spender
Congress for Cultural Freedom,Tosco Fyvel
Congress for Cultural Freedom,Denis de Rougemont
Congress for Cultural Freedom,Nicolas Nabokov
Congress for Cultural Freedom,Irving Kristol
Congress for Cultural Freedom,James Burnham
Congress for Cultural Freedom,Andre Malraux
Congress for Cultural Freedom,James T Farrell
Congress for Cultural Freedom,Francois Bondy
Congress for Cultural Freedom,Julian Gorkin
Congress for Cultural Freedom,Friedrich Torberg
Congress for Cultural Freedom,Arthur Schlesinger
Congress for Cultural Freedom,Richard Lowenthal
Congress for Cultural Freedom,Edward Shils
Congress for Cultural Freedom,Daniel Bell
Congress for Cultural Freedom,Michael Polanyi
Congress for Cultural Freedom,Karl Jaspers
Congress for Cultural Freedom,John Dewey
Congress for Cultural Freedom,Jacques Maritain
Congress for Cultural Freedom,Bertrand Russell
Congress for Cultural Freedom,A J Ayer
Congress for Cultural Freedom,Gaetano Salvemini
Congress for Cultural Freedom,Czeslaw Milosz
Congress for Cultural Freedom,Benedetto Croce
Congress for Cultural Freedom,Encounter
Congress for Cultural Freedom,Tempo Presente
Congress for Cultural Freedom,Cuadernos
Congress for Cultural Freedom,Cultural and Scientific Conference for World Peace in New York
Congress for Cultural Freedom,Central Intelligence Agency
Congress for Cultural Freedom,International Secretariat
Europe-America Groups,Dwight Macdonald
Europe-America Groups,Nicola Chiaromonte
Europe-America Groups,Mary McCarthy
Europe-America Groups,Albert Camus
Europe-America Groups,Alfred Rosmer
Europe-America Groups,Jean-Paul Sartre
Europe-America Groups,Aldo Captini
Europe-America Groups,Riccardo Bauer
Europe-America Groups,Ferdinando Tartaglia
Europe-America Groups,William Barrett
Europe-America Groups,Lamberto Borghi
Europe-America Groups,Elizabeth Hardwick
Europe-America Groups,Sidney Hook
Europe-America Groups,Alfred Kazin
Europe-America Groups,Paolo Milano
Europe-America Groups,Nicolas Nabokov
Europe-America Groups,William Phillips
Europe-America Groups,Philip Rhav
Europe-America Groups,Isaac Rosenfeld
Europe-America Groups,Gaetano Salvemini
Europe-America Groups,John Knox Jessup
Europe-America Groups,Delmore Schwartz
Europe-America Groups,Saul Steinberg
Europe-America Groups,Dorothy Thompson
Europe-America Groups,Niccolo Tucci
Europe-America Groups,Bertram Wolfe
Europe-America Groups,Politics
Europe-America Groups,The New York Times
Europe-America Groups,The Nation
Europe-America Groups,Partisan Review
Europe-America Groups,Revolution Proletarienne
Europe-America Groups,Friends of Russian Freedom
Europe-America Groups,Americans for Intellectual Freedom
Europe-America Groups,Congress for Cultural Freedom
John Anthony Ciardi,Edward M Cifelli
John Anthony Ciardi,Nona Domenica Garnaro
John Anthony Ciardi,Remigio Pane
John Anthony Ciardi,Frances Carter
John Anthony Ciardi,Rico Lebrun
John Anthony Ciardi,Gustave Dore
John Anthony Ciardi,Dante Alighieri
John Anthony Ciardi,Rutgers University Press
John Anthony Ciardi,New American Library
John Anthony Ciardi,Folkways Records
John Anthony Ciardi,Saturday Review
John Anthony Ciardi,Kanthos Press
John Anthony Ciardi,American Academy
John Anthony Ciardi,Fulbright Program
Italian Cultural Institute,Giuseppe Pella
Italian Cultural Institute,Giuseppe Zarrillo
Italian Cultural Institute,Cesare Zavattini
Italian Cultural Institute,Marco Bellocchio
Italian Cultural Institute,Bernardo Bertolucci
Italian Cultural Institute,Enrico Cervelli
Italian Cultural Institute,Mario Sironi
Italian Cultural Institute,Eugenio Carmi
Italian Cultural Institute,Dante Alighieri
Italian Cultural Institute,Italian Consulates
Italian Cultural Institute,New York Times
Italian Cultural Institute,Italian Academy for Advanced Studies
Italian Cultural Institute,Dante Society of America
Italian Cultural Institute,Grosvenor Gallery
Italian Cultural Institute,Finch College
Fulbright Program,Cipriana Artom Scelba
Fulbright Program,Umberto Eco
Fulbright Program,Giuliano Amato
Fulbright Program,Franco Ferrarotti
Fulbright Program,Giovanni Sartori
Fulbright Program,Carlo Rubbia
Fulbright Program,Tullio Regge
Fulbright Program,Franco Modigliani
Fulbright Program,James Buchanan
Fulbright Program,Edoardo Amaldi
Fulbright Program,Lionello Venturi
Fulbright Program,Luigi Dallapiccola
Fulbright Program,Gianfranco Pasquino
Fulbright Program,Giandomenico Picco
Fulbright Program,Irene Bignardi
Fulbright Program,Laura Lilli
Fulbright Program,Richard Serra
Fulbright Program,Philip Pearlstein
Fulbright Program,Dale Chihuly
Fulbright Program,Lorin Maazel
Fulbright Program,Mark Strand
Fulbright Program,Irving Levine
Fulbright Program,Henry Millon
Fulbright Program,William Weaver
Fulbright Program,Leslie Fiedler
Fulbright Program,Agostino Lombardo
Fulbright Program,Biancamaria Tedeschini Lalli
Fulbright Program,US Department of State
Fulbright Program,Italian Ministry of Foreign Affairs
Fulbright Program,United States Information Service
Fulbright Program,American Academy
Darina Laracy Silone,Ignazio Silone
Darina Laracy Silone,Nicola Chiaromonte
Darina Laracy Silone,Igor Markevitch
Darina Laracy Silone,Beniamino Gigli
Darina Laracy Silone,Aldo Palazzeschi
Darina Laracy Silone,Ambrosiana Library
Darina Laracy Silone,New York Herald Tribune
Darina Laracy Silone,International News Services
Darina Laracy Silone,Tempo Presente
Darina Laracy Silone,Harper & Brothers
Darina Laracy Silone,Harvill Press
Darina Laracy Silone,Cassell & Company
Darina Laracy Silone,Faber and Faber
Bompiani Editore,Valentino Bompiani
Bompiani Editore,Arnoldo Mondadori
Bompiani Editore,Antonio Barfi
Bompiani Editore,George Plimpton Adams
Bompiani Editore,John Elof Boodin
Bompiani Editore,Mary Whiton Calkins
Bompiani Editore,Durant Drake
Bompiani Editore,John Dewey
Bompiani Editore,Arthur Oncken Lovejoy
Bompiani Editore,Evander Bradley McGilvari
Bompiani Editore,William Pepperell Montague
Bompiani Editore,Ralph Barton Perry
Bompiani Editore,Arthur Kenyon Rogers
Bompiani Editore,George Santayana
Bompiani Editore,Roy Wood Sellars
Bompiani Editore,Charles Auguste Strong
Bompiani Editore,John Steinbeck
Bompiani Editore,Cesare Pavese
Bompiani Editore,Elio Vittorini
Bompiani Editore,Eugenio Montale
Bompiani Editore,Carlo Coardi
Bompiani Editore,Edgar Allan Poe
Bompiani Editore,Nathaniel Hawthorne
Bompiani Editore,Jack London
Bompiani Editore,Ernest Hemingway
Bompiani Editore,Herman Melville
Bompiani Editore,William Faulkner
Bompiani Editore,Emilio Cecchi
Bompiani Editore,Patricia Highsmith
Bompiani Editore,Philip Roth
Bompiani Editore,Thomas Pynchon
Bompiani Editore,Alberto Moravia
Bompiani Editore,Umberto Eco
Bompiani Editore,Corrado Alvaro
Bompiani Editore,Andrea Caffi
Bompiani Editore,Giuseppe Cassieri
Bompiani Editore,Tonino Guerra
Bompiani Editore,Raffaele La Capria
Bompiani Editore,Luigi Malerba
Bompiani Editore,Ercole Patti
Bompiani Editore,Ugo Pirro
Bompiani Editore,Mario Pomilio
Bompiani Editore,Bonaventura Tecchi
Bompiani Editore,Arnoldo Mondadori Editore
Bompiani Editore,Idee Nuove
Bompiani Editore,H Fertig
Bompiani Editore,L C Page & Company
Bompiani Editore,Foreign Press Service
Bompiani Editore,"Harcourt, Brace & Company"
Bompiani Editore,"Little, Brown & Company"
Bompiani Editore,Harper & Brothers
Bompiani Editore,Americana
Bompiani Editore,RCS Libri
Bompiani Editore,Bompiani Historical Library
Bompiani Editore,I numeri
Gabriele d'Annunzio,Arthur Hornblow
Gabriele d'Annunzio,Georges Herelle
Gabriele d'Annunzio,Stephan George
Gabriele d'Annunzio,Arthur Symons
Gabriele d'Annunzio,Arthur Livingston
Gabriele d'Annunzio,Federico Vittore Nardelli
Gabriele d'Annunzio,Natalia Danesi Murray
Gabriele d'Annunzio,H Fertig
Gabriele d'Annunzio,L C Page & Company
Gabriele d'Annunzio,Foreign Press Service
Gabriele d'Annunzio,"Harcourt, Brace & Company"
Gabriele d'Annunzio,"Little, Brown & Company"
Gabriele d'Annunzio,Harper & Brothers
Gabriele d'Annunzio,"Holt, Reinhart & Winston"
Gabriele d'Annunzio,Harvey House
Gabriele d'Annunzio,Books for Libraries Press
Gabriele d'Annunzio,Yale University
Archibald MacLeish,Gertrude Stein
Archibald MacLeish,Ernest Hemingway
Archibald MacLeish,Marguerite Chapin Caetani
Archibald MacLeish,Dante Alighieri
Archibald MacLeish,Henry Luce
Archibald MacLeish,William Phillips
Archibald MacLeish,Ada MacLeish
Archibald MacLeish,Ezra Pound
Archibald MacLeish,Mary de Rachewiltz
Archibald MacLeish,Shakespeare and Company
Archibald MacLeish,Commerce
Archibald MacLeish,Botteghe Oscure
Archibald MacLeish,Library of Congress
Archibald MacLeish,Office of Facts and Figures
Archibald MacLeish,Office of War Information
Archibald MacLeish,UNESCO
Archibald MacLeish,American Academy
Archibald MacLeish,Saturday Review
Umberto Eco,William Weaver
Umberto Eco,Jean-Jacques Annaud
Umberto Eco,Chelsea
Umberto Eco,Arnoldo Mondadori Editore
Umberto Eco,Bompiani Editore
Umberto Eco,Penguin
Umberto Eco,New York University
Umberto Eco,Milan Polytechnic
Umberto Eco,Yale University
Umberto Eco,Columbia University
Umberto Eco,Harvard University
Umberto Eco,Siex & Barral
Umberto Eco,Harvard University Press
Umberto Eco,Indiana University Press
Umberto Eco,Harcourt
Random House,Bennett Cerf
Random House,Donald Klopfer
Random House,Ignazio Silone
Random House,Michael Wharf
Random House,Giose Rimanelli
Random House,Ben Johnson
Random House,Italo Calvino
Random House,Archibald Colquhoun
Random House,Pier Maria Pasinetti
Random House,Antonio Barolini
Random House,Helen Barolini
Random House,Danilo Dolci
Random House,Antonia Cowan
Random House,Erich Linder
Random House,Modern Library
Random House,Arnoldo Mondadori Editore
Random House,Einaudi
Random House,Feltrinelli
Random House,Agenzia Letteraria Internazionale
Random House,Bertelsmann
Fulbright Program,Ada Louise Huxtable
Fulbright Program,Frank Snowden Jr
Fulbright Program,John Anthony Ciardi
Fulbright Program,United States Information Agency
Fulbright Program,Salzburg Seminar in American Studies
Doubleday & Company,Alberto Denti di Pirajno
Doubleday & Company,Oriana Fallaci
Doubleday & Company,Alba de Cespedes
Doubleday & Company,Marguerite Chapin Caetani
Andrea Ragusa,Anna von Weiskopf-Weiskoppen
Andrea Ragusa,Calogero Tumminelli
Andrea Ragusa,Giuseppe Prezzolini
Andrea Ragusa,Mario Pei
Andrea Ragusa,Emiliano Peruzzi
Andrea Ragusa,Dante Alighieri
Andrea Ragusa,Giosue Carducci
Andrea Ragusa,Gabriele d'Annunzio
Andrea Ragusa,Arthur Livingston
Andrea Ragusa,Olga Ragusa
Andrea Ragusa,Isa Ragusa
Andrea Ragusa,Istituto dell'Enciclopedia Italiana Treccani
Andrea Ragusa,Treves-Treccani-Tumminelli publishing group
Andrea Ragusa,SF Vanni Publishers and Booksellers
Andrea Ragusa,Italian Academy for Advanced Studies
Andrea Ragusa,Permanent Exhibition of Italian Books
Harper's Bazaar,William Randolph Hearst
Harper's Bazaar,Carmel Snow
Harper's Bazaar,Elsa Schiaparelli
Harper's Bazaar,Vogue
The Literary Review,Charles Angoff
The Literary Review,Clarence R Decker
The Literary Review,Charles Norman
The Literary Review,Francesco Bianchi
The Literary Review,Elemire Zolla
The Literary Review,Ferdinando Virdia
The Literary Review,Italo Calvino
The Literary Review,Giorgio Bassani
The Literary Review,Carlo Cassola
The Literary Review,Attilio Bertolucci
The Literary Review,Mario Luzi
The Literary Review,Pier Paolo Pasolini
The Literary Review,Nicola Chiaromonte
The Literary Review,Giacinto Spagnoletti
The Literary Review,Claudio Gorlier
The Literary Review,Giuseppe Viviani
The Literary Review,Marino Marini
The Literary Review,Mino Maccari
The Literary Review,Michelangelo
The Literary Review,Niccolo Machiavelli
The Literary Review,Joseph Tusiani
The Literary Review,Domenico Rea
The Literary Review,Anna Banti
The Literary Review,Gianna Manzini
The Literary Review,Anna Maria Ortese
The Literary Review,Maria Luisa Spaziani
The Literary Review,Elsa Morante
The Literary Review,Salvatore Quasimodo
The Literary Review,Eugenio Montale
The Literary Review,Giuseppe Ungaretti
The Literary Review,Vittorio Sereni
The Literary Review,Sandro Penna
The Literary Review,Carlo Betocchi
The Literary Review,Raffaele Carrieri
The Literary Review,Libero De Libero
The Literary Review,Ugo Fasolo
The Literary Review,Alfonso Gatto
The Literary Review,Ennio Flaiano
The Literary Review,Dino Buzzati
The Literary Review,Olga Ragusa
The Literary Review,Rosina Cancellieri
The Literary Review,Peter Sammartino
The Literary Review,John Fischer
The Literary Review,Josephine P Ferrante
The Literary Review,Willard Trask
The Literary Review,Eric Sellin
The Literary Review,Charles Guenther
The Literary Review,Fairleigh Dickinson University
The Literary Review,Channel 9
The Literary Review,St Louis Public Library
The Literary Review,Manyland Books
Giuseppe Ungaretti,Edgar Allan Poe
Giuseppe Ungaretti,William Weaver
Giuseppe Ungaretti,Renato Poggioli
Giuseppe Ungaretti,Sergio Pacifici
Giuseppe Ungaretti,Robert Lowell
Giuseppe Ungaretti,Umberto Saba
Giuseppe Ungaretti,Eugenio Montale
Giuseppe Ungaretti,Salvatore Quasimodo
Giuseppe Ungaretti,Giacomo Leopardi
Giuseppe Ungaretti,Luciano Rebay
Giuseppe Ungaretti,Isabella Gardner
Giuseppe Ungaretti,Allen Ginsberg
Giuseppe Ungaretti,Louis Simpson
Giuseppe Ungaretti,Ivar Ivask
Giuseppe Ungaretti,Andrew Wylie
Giuseppe Ungaretti,Briarcliff Quarterly
Giuseppe Ungaretti,New Directions
Giuseppe Ungaretti,Imitations
Giuseppe Ungaretti,Columbia University
Giuseppe Ungaretti,Poetry Center in New York
Giuseppe Ungaretti,Harvard University
United States Information Agency,William Benton
United States Information Agency,Edward W Barret
United States Information Agency,Dean Acheson
United States Information Agency,President Eisenhower
United States Information Agency,Theodore C Streibert
United States Information Agency,Clare Boothe Luce
United States Information Agency,Office of Government Report
United States Information Agency,Coordinator of Inter-American Affairs
United States Information Agency,Office of the Coordinator of Information
United States Information Agency,Office of War Information
United States Information Agency,United States Information Service
United States Information Agency,Office of International Information and Cultural Affairs
United States Information Agency,International Broadcasting Division
United States Information Agency,International Press and Publication Division
United States Information Agency,International Motion Picture Division
United States Information Agency,International Exchange of Persons Division
United States Information Agency,Division of Libraries and Institutes
United States Information Agency,Smith-Mundt Act
United States Information Agency,Fulbright Program
United States Information Agency,International Information Administration
United States Information Agency,President's Committee on International Information Activities
United States Information Agency,Jackson Committee
Italian Academy for Advanced Studies,William M Kendall
Italian Academy for Advanced Studies,John J Freschi
Italian Academy for Advanced Studies,John Paterno
Italian Academy for Advanced Studies,Anthony Campagna
Italian Academy for Advanced Studies,Michael Paterno
Italian Academy for Advanced Studies,Charles Paterno
Italian Academy for Advanced Studies,Giuseppe Prezzolini
Italian Academy for Advanced Studies,Columbia University
Italian Academy for Advanced Studies,Circolo Italiano
Italian Academy for Advanced Studies,Barnard College
Italian Academy for Advanced Studies,New York City Landmarks Preservation Commission
Italian Academy for Advanced Studies,Italian Cultural Institute
United States Information Service,Clare Boothe Luce
United States Information Service,Lloyd A Free
United States Information Service,Bruno Zevi
United States Information Service,Office of War Information
United States Information Service,Psychological Warfare Branch
United States Information Service,Allied Military Government
United States Information Service,Educational Exchange Program
United States Information Service,Fulbright Program
United States Information Service,United States Information Agency
Arnoldo Mondadori Editore,Arnoldo Mondadori
Arnoldo Mondadori Editore,Walt Disney
Arnoldo Mondadori Editore,Giuseppe Antonio Borgese
Arnoldo Mondadori Editore,John Steinbeck
Arnoldo Mondadori Editore,William Faulkner
Arnoldo Mondadori Editore,Pearl S Buck
Arnoldo Mondadori Editore,Cesare Pavese
Arnoldo Mondadori Editore,Elio Vittorini
Arnoldo Mondadori Editore,Natalia Danesi Murray
Arnoldo Mondadori Editore,Clare Boothe Luce
Arnoldo Mondadori Editore,Henry Luce
Arnoldo Mondadori Editore,Alba de Cespedes
Arnoldo Mondadori Editore,Vasco Pratolini
Arnoldo Mondadori Editore,Alfonso Gatto
Arnoldo Mondadori Editore,Vittorio Sereni
Arnoldo Mondadori Editore,Domenico Rea
Arnoldo Mondadori Editore,Dino Buzzati
Arnoldo Mondadori Editore,Luigi Santucci
Arnoldo Mondadori Editore,Giose Rimanelli
Arnoldo Mondadori Editore,Ugo Zatterin
Arnoldo Mondadori Editore,Ignazio Silone
Arnoldo Mondadori Editore,Saverio Strati
Arnoldo Mondadori Editore,Mario Soldati
Arnoldo Mondadori Editore,Antonio Fogazzaro
Arnoldo Mondadori Editore,Nando Sampietro
Arnoldo Mondadori Editore,Gianfranco Cantini
Arnoldo Mondadori Editore,Giuseppe Ungaretti
Arnoldo Mondadori Editore,Sergio Fenoaltea
Chelsea,Alfredo De Palchi
Chelsea,Sonia Raiziss
Chelsea,Guido Lopez
Chelsea,Glauco Cambon
Chelsea,Salvatore Quasimodo
Chelsea,Dino Buzzati
Chelsea,Italo Calvino
Chelsea,Corrado Alvaro
Chelsea,Rocco Scotellaro
Chelsea,Alfonso Gatto
Chelsea,Leonardo Sinisgalli
Chelsea,Umberto Saba
Chelsea,Eugenio Montale
Chelsea,Cesare Pavese
Chelsea,Ursule Molinaro
Chelsea,Lynne Lawner
Chelsea,Margo Viscusi
Chelsea,Anthony Viscusi
Chelsea,Charles Guenther
Chelsea,Charles Wright
Chelsea,Piergiorgio Bellocchio
Chelsea,Paolo Carra
Chelsea,Sergio Quartesan
Chelsea,Ugo Carrega
Chelsea,Massimo Ferretti
Chelsea,Vittorio Sereni
Chelsea,Nelo Risi
Chelsea,Franco Fortini
Chelsea,Giorgio Cesarano
Chelsea,Bartolo Cattafi
Chelsea,Andrea Zanzotto
Chelsea,Alberto Gozzi
Chelsea,Gaetano Testa
Chelsea,Nanni Balestrini
Chelsea,Alfredo Giuliani
Chelsea,Toti Scialoja
Chelsea,Luigi Fontanella
Chelsea,Gruppo '63
Chelsea,New Directions
Chelsea,Bantam Books
The Italian Scene,Uguccione Ranieri di Sorbello
The Italian Scene,George Weller
The Italian Scene,Harold Weir
The Italian Scene,Giuseppe Prezzolini
The Italian Scene,Italian Consulates
The Italian Scene,Ministry of Foreign Affairs
The Italian Scene,Chicago Daily News
Michele Cantarella,Mary Donovan
Michele Cantarella,Powers Hapgood
Michele Cantarella,Catherine Huntington
Michele Cantarella,Creighton Hill
Michele Cantarella,Gardner Jackson
Michele Cantarella,C W Whitemore
Michele Cantarella,Gaetano Salvemini
Michele Cantarella,Lionello Venturi
Michele Cantarella,Carlo Sforza
Michele Cantarella,Aldo Garosci
Michele Cantarella,Helen Paquin
Michele Cantarella,Giuseppe Antonio Borgese
Michele Cantarella,Alba de Cespedes
Michele Cantarella,Italian Republican Party
Michele Cantarella,Mazzini Society
Michele Cantarella,Boston University
Michele Cantarella,Harvard University
Michele Cantarella,Smith College
Michele Cantarella,War Department's Information
Michele Cantarella,Books Abroad
Michele Cantarella,Bibliografia Salveminiana
Lorenza Mazzetti,Paola Mazzetti
Lorenza Mazzetti,Robert Einstein
Lorenza Mazzetti,Albert Einstein
Lorenza Mazzetti,Franz Kafka
Lorenza Mazzetti,Lindsay Anderson
Lorenza Mazzetti,Tony Richardson
Lorenza Mazzetti,Karel Reisz
Lorenza Mazzetti,Marguerite Waldeman
Lorenza Mazzetti,Isabel Quigly
Lorenza Mazzetti,Sergio Pacifici
Lorenza Mazzetti,Slade School of Fine Art
Lorenza Mazzetti,Free Cinema Movement
Lorenza Mazzetti,Aldo Garzanti Editore
Lorenza Mazzetti,David McKay Company
Lorenza Mazzetti,Times Literary Supplement
Lorenza Mazzetti,Books Abroad
Gaia Servadio,George Weidenfeld
Gaia Servadio,Terence Kilmartin
Gaia Servadio,L K Conrad
Gaia Servadio,Vernon Scannel
Gaia Servadio,Josephine de Boer
Gaia Servadio,William Mostyn-Owen
Gaia Servadio,Mary McCarthy
Gaia Servadio,Philip Roth
Gaia Servadio,Irwin Shaw
Gaia Servadio,Isaiah Berlin
Gaia Servadio,Piero Sraffa
Gaia Servadio,Francis Bacon
Gaia Servadio,Eric Hobsbawm
Gaia Servadio,Antonia Fraser
Gaia Servadio,John Pope-Hennessy
Gaia Servadio,St Martin's School of Art
Gaia Servadio,Observer
Gaia Servadio,Il Corriere della Sera
Gaia Servadio,Il Mondo
Gaia Servadio,"Farrar, Straus & Company"
Gaia Servadio,Feltrinelli
Gaia Servadio,New Statesman
Gaia Servadio,Books Abroad
Oriana Fallaci,Pamela Swinglehurst
Oriana Fallaci,Mihaly Csikszentmihalyi
Oriana Fallaci,Isabel Quigly
Oriana Fallaci,Giorgio Bassani
Oriana Fallaci,Alba de Cespedes
Oriana Fallaci,Pier Paolo Pasolini
Oriana Fallaci,Giustizia e Liberta
Oriana Fallaci,L'Europeo
Oriana Fallaci,Longanesi & C
Oriana Fallaci,Rizzoli Editore
Oriana Fallaci,NASA
Oriana Fallaci,Horizon Press Publishers
Oriana Fallaci,Doubleday & Company
Cesare Pavese,Anthony Chiuminatto
Cesare Pavese,Giuseppe Prezzolini
Cesare Pavese,William Faulkner
Cesare Pavese,Renato Poggioli
Cesare Pavese,Constance Dowling
Cesare Pavese,Donald D Paige
Cesare Pavese,Robert W Flint
Cesare Pavese,Leslie Fiedler
Cesare Pavese,Donald Heiney
Cesare Pavese,Giose Rimanelli
Cesare Pavese,Gian Paolo Biasin
Cesare Pavese,Columbia University
Cesare Pavese,Arnoldo Mondadori Editore
Cesare Pavese,"Farrar, Straus & Company"
Cesare Pavese,Noonday Press
Cesare Pavese,Grossman Publishers
Cesare Pavese,The Kenyon Review
Cesare Pavese,Cornell University Press
Cesare Pavese,New Directions
Cesare Pavese,Giulio Einaudi Editore
Cesare Pavese,Chelsea
Cesare Pavese,Lux Film
Cesare Pavese,Bompiani Editore
Cesare Pavese,Michelangelo Antonioni
Cesare Pavese,Alba de Cespedes
Cesare Pavese,Suso Cecchi D'Amico
Cesare Pavese,Cinecitta
Jack Kerouac,Fernanda Pivano
Jack Kerouac,Antonio Barolini
Jack Kerouac,Arnoldo Mondadori
Jack Kerouac,Gianni Menarini
Jack Kerouac,Sergio Perosa
Jack Kerouac,Franco Angeli
Jack Kerouac,Silvia Stefani
Jack Kerouac,Bruno Oddera
Jack Kerouac,Magda de Cristofaro
Jack Kerouac,Luciano Bianciardi
Jack Kerouac,Ugo Carrega
Jack Kerouac,Vincenzo Mantovani
Jack Kerouac,Miro Silvera
Jack Kerouac,Carlo Corsi
Jack Kerouac,Pier Francesco Paolini
Jack Kerouac,Gian Pieretti
Jack Kerouac,Domenico Rea
Jack Kerouac,Alberto Arbasino
Jack Kerouac,Guanda Editore
Jack Kerouac,Bompiani Editore
Jack Kerouac,Arnoldo Mondadori Editore
Jack Kerouac,Club degli Editori
Jack Kerouac,Feltrinelli
Jack Kerouac,Sugar
Jack Kerouac,Arcana Editrice
Allen Ginsberg,Gianni Menarini
Allen Ginsberg,Fernanda Pivano
Allen Ginsberg,Carlo Corsi
Allen Ginsberg,Giuseppe Ungaretti
Allen Ginsberg,Elio Vittorini
Allen Ginsberg,Alberto Mondadori
Allen Ginsberg,Gian Carlo Menotti
Allen Ginsberg,Peter Orlovski
Allen Ginsberg,Peggy Guggenheim
Allen Ginsberg,Ezra Pound
Allen Ginsberg,WH Auden
Allen Ginsberg,Alan Ansen
Allen Ginsberg,Gregory Corso
Allen Ginsberg,Peter Orlovsky
Allen Ginsberg,Giulio Einaudi Editore
Allen Ginsberg,Arnoldo Mondadori Editore
Allen Ginsberg,Il Tarocco
Allen Ginsberg,East 128
Allen Ginsberg,Arcana Editrice
Allen Ginsberg,Festival dei Due Mondi
Allen Ginsberg,Pianeta Fresco
William Burroughs,Allen Ginsberg
William Burroughs,Alan Ansen
William Burroughs,Gregory Corso
William Burroughs,Bruno Oddera
William Burroughs,Donatella Manganotti
William Burroughs,Giulio Saponaro
William Burroughs,Giansitto Ferrata
William Burroughs,Claudio Gorlier
William Burroughs,Oreste del Buono
William Burroughs,Sugar
William Burroughs,Olympia Press
William Burroughs,Rizzoli Editore
Fernanda Pivano,Ettore Sottsass
Fernanda Pivano,Gianni Milano
Fernanda Pivano,Antonio Infantino
Fernanda Pivano,Ernest Hemingway
Fernanda Pivano,William Faulkner
Fernanda Pivano,Allen Ginsberg
Fernanda Pivano,Gregory Corso
Fernanda Pivano,Jack Kerouac
Fernanda Pivano,William Burroughs
Fernanda Pivano,Henry Miller
Fernanda Pivano,Charles Bukowski
Fernanda Pivano,Ottavio Rosati
Fernanda Pivano,Cesare Pavese
Fernanda Pivano,United States Information Service
Fernanda Pivano,East 128
Fernanda Pivano,Pianeta Fresco
Fernanda Pivano,Arnoldo Mondadori Editore
Fernanda Pivano,Giulio Einaudi Editore
Fernanda Pivano,Arcana Editrice
Fernanda Pivano,Festival dei Due Mondi
Ettore Sottsass,Pianeta Fresco
Ettore Sottsass,East 128
Alberto Denti,Amedeo d'Aosta
Alberto Denti,Giuseppe Prezzolini
Alberto Denti,Giuseppe Tomasi di Lampedusa
Alberto Denti,Doubleday & Company
Elsa Schiaparelli,Harper's Bazaar
Cinecitta,Federico Fellini
Cinecitta,Vittorio De Sica
Mario Schifano,Alberto Moravia
Mario Schifano,Giuseppe Ungaretti
Mario Schifano,Sandro Penna
Mario Schifano,Renato Guttuso
Mario Schifano,Goffredo Parise
Piero Poletto,Vittorio De Sica
Piero Poletto,Elio Petri
Piero Poletto,Antonio Margheriti
Alberto Moravia,Carlo Ponti
Alberto Moravia,Vittorio De Sica
Alberto Moravia,Sophia Loren
Alberto Moravia,Cesare Zavattini
Alberto Moravia,Academy Awards
Giuseppe Tomasi di Lampedusa,Claudia Cardinale
Giuseppe Tomasi di Lampedusa,Luchino Visconti
Giuseppe Tomasi di Lampedusa,Cinecitta
Elio Vittorini,Compagnia Italiana Cinematografica Lux
Cesare Pavese,Compagnia Italiana Cinematografica Lux
Italo Calvino,Marcello Mastroianni
Italo Calvino,Franco Cristaldi
Italo Calvino,Compagnia Italiana Cinematografica Lux
Italo Calvino,Academy Awards
Italo Calvino,Cinecitta
Italo Calvino,Claudia Cardinale
Italo Calvino,Mario Monicelli
Compagnia Italiana Cinematografica Lux,Carlo Ponti
Compagnia Italiana Cinematografica Lux,Dino De Laurentis
Compagnia Italiana Cinematografica Lux,Roberto Rossellini
Compagnia Italiana Cinematografica Lux,Luchino Visconti
Compagnia Italiana Cinematografica Lux,Pietro Germi
Compagnia Italiana Cinematografica Lux,Mario Monicelli
Compagnia Italiana Cinematografica Lux,Vittorio De Sica
Elio Vittorini,Giulio Einaudi Editore
Elio Vittorini,Italo Calvino
Elio Vittorini,James Laughlin
Elio Vittorini,Arnoldo Mondadori Editore
Elio Vittorini,John Fante
Elio Vittorini,Edgar Allan Poe
Elio Vittorini,John Stainbeck
Elio Vittorini,William Saroyan
John Fante,Arnoldo Mondadori Editore
Alberto Moravia,Nuovi Argomenti
Alberto Moravia,Pier Paolo Pasolini
Alberto Moravia,L'Espresso
Alberto Moravia,L'Europeo
Alberto Moravia,Mario Soldati
Alberto Moravia,Vittorio De Sica
Alberto Moravia,Sophia Loren
Alberto Moravia,Lydia Holland
Alberto Moravia,Bernard Wall
Alberto Moravia,Michael Moore
Alberto Moravia,"Farrar, Straus & Company"
Alberto Moravia,Bompiani Editore
Alberto Moravia,Angus Davidson
Giuseppe Tomasi di Lampedusa,Feltrinelli
Giuseppe Tomasi di Lampedusa,Pantheon Books
Giuseppe Tomasi di Lampedusa,Archibald Colquhoun
Giuseppe Tomasi di Lampedusa,Luchino Visconti
John Fante,Charles Bukowski
John Fante,Arnoldo Mondadori Editore
John Fante,Giorgio Monicelli
John Fante,Liliana Bonini
John Fante,Elio Vittorini
Pietro Di Donato,Bompiani Editore
Pietro Di Donato,Eva Amendola
Pietro Di Donato,Bruno Maffi
Pietro Di Donato,Rizzoli Editore
Pietro Di Donato,Lydia Magliano
Pietro Di Donato,Laura Vagliasindi
Pietro Di Donato,Borla
The Bishop Lito Co.,Charles L'Episcopo
The Bishop Lito Co.,Peter L'Episcopo
The Bishop Lito Co.,Italian Embassy in Washington
Angelina Anfuso,Victor Anfuso
Victor Anfuso,American Committee on Italian Migration
Charles L'Episcopo,Angelina Anfuso
Divagando,Franco Lalli
Franco Lalli,L'Americolo
Fiorello La Guardia,L'Americolo
Franco Lalli,La Settimana
Franco Lalli,NBC
Julius La Rosa,The Julius La Rosa Show
Perry Como,Julius La Rosa
Franco Lalli,Il Milione
Angelina Anfuso,St John's University
Divagando,Nicola Fiorelli
Nicola Fiorelli,Il Tempo
Nicola Fiorelli,Il Progresso
Nicola Fiorelli,La Follia di New York
Carlo Bilotti,Divagando
La Settimana,Edward Corsi
Salvatore Castagna,Divagando
Salvatore Castagna,The Bishop Lito Co.
Divagando,Elisa Odabella
Charles L'Episcopo,Joseph L'Episcopo
Peter L'Episcopo,Joseph L'Episcopo
Domenico Ricceri,Divagando
Salvatore Mario Castagna,Divagando
Nando Rossi,Divagando
Nino Manno,Divagando
Giorgio Gatti,Divagando
Amelia Bonvicino,Divagando
Eugene Luotto,Divagando
Alberto Viviani,Divagando
Amerigo Ruggiero,Divagando
J A Antonucci,Divagando
Alex Sandri-White,Divagando
Elena Giurdanella,Divagando
Anna Di Pasqua,Divagando
J Rodman,Divagando
G Adams,Divagando
Marco Valsecchi,Divagando
Umberto Gozzano,Divagando
Mario Ruggeri,Divagando
Gino Valori,Divagando
Mary Carrara,Divagando
Francesco Lanza,Divagando
Carola Prosperi,Divagando
Luigi Pirandello,Divagando
Maria Crocetti,Divagando
Elisa Odabella,Divagando
Clara Grifoni,Divagando
Alberto G Scapazzoni,Divagando
Gino Cenni,Divagando
Valentino Gavi,Divagando
Nicola Boileau,Divagando
Franco Villa,Divagando
Ugo Banfi,Divagando
G Antonelli,Divagando
Carlo Manzoni,Divagando
Milly Dandolo,Divagando
Dino Falconi,Divagando
Gabriele d'Annunzio,Divagando
Lucio D'Ambra,Divagando
Dino Provenzal,Divagando
Gasperini e Riva,Divagando
Tilde Botta,Divagando
Arrigo Boito,Divagando
Vincenzo Cardarella,Divagando
Enrico Roda,Divagando
Salvator Gotta,Divagando
Federico Mennella,Divagando
OR Iolo,Divagando
Diego Valeri,Divagando
G Zavattaro,Divagando
Alan Jones,Divagando
Gino Pelli,Divagando
FM Peman,Divagando
Aldo Capasso,Divagando
Ernesto Lenger,Divagando
W S Maugham,Divagando
Dino Campana,Divagando
Alessandro Dumas,Divagando
E Suderman,Divagando
TE Brown,Divagando
GB Corelli,Divagando
Edgardo Baldi,Divagando
Umberto Barbaro,Divagando
H Williamson,Divagando
Lucilla Antonelli,Divagando
Edoardo Mottini,Divagando
Enrico Caprile,Divagando
Ada Negri,Divagando
Eca de Queiroz,Divagando
Iean Giono,Divagando
Giovanni Bertacchi,Divagando
Elisa Cibrario,Divagando
Vittorio Malpassuti,Divagando
G Scortecci,Divagando
Alfredo Panzini,Divagando
Aldo Fieri,Divagando
CA Callado,Divagando
Francesco Pastonchi,Divagando
Dott Ansermin,Divagando
Giorgio Venturi,Divagando
M Tibaldi,Divagando
Bianca de Mai,Divagando
Alfredo Palaneschi,Divagando
GM Varga,Divagando
Gino Giulini,Divagando
Leonardo Merrick,Divagando
Selma Lagerlof,Divagando
Anselmo Goli,Divagando
Diego Calcagno,Divagando
Vittorio Calvino,Divagando
AM Ciriello,Divagando
Ottavio Mirbeau,Divagando
Giorgio Agosti,Divagando
Sergio Rolli,Divagando
Marcello Arduino,Divagando
Michele Mastropaolo,Divagando
CI Romano,Divagando
Edoardo Zavattari,Divagando
Arnaldo Cipolla,Divagando
G Bongiovanni,Divagando
Vittorio Buttafava,Divagando
Camillo Balbis,Divagando
Teresa Sensi,Divagando
Ennio Ferrari,Divagando
Mario Siena,Divagando
Fosco Della Ripa,Divagando
Elpidio Jenco,Divagando
Enrica Viviani Della Robbia,Divagando
Severino Pagani,Divagando
Giacomo Zanella,Divagando
Salvatore Sturiale,Divagando
Augusto Baily,Divagando
Eva Ponti,Divagando
Alfredo Manzini,Divagando
Augusto Berty,Divagando
Cesare Zavattini,Divagando
Sergio Franzi,Divagando
Giuseppe Marotta,Divagando
Nino Petrucci,Divagando
Giovanni Papini,Divagando
Antonio Miotto,Divagando
Iole Rizzo Alkalay,Divagando
N Pende,Divagando
Giulio Petroni,Divagando
Giorgio Gigli,Divagando
D Bartoli,Divagando
Pietro Solari,Divagando
Edilio Rusconi,Divagando
Domenico Porzio,Divagando
Orio Vergani,Divagando
L Confalonieri,Divagando
T Hyde Phillips,Divagando
Augusto Dore',Divagando
Alberto Mario,Divagando
Oscar Pio,Divagando
Lee Posner,Divagando
F B La Rossa,Divagando
Eldo Marchetti,Divagando
Clara Zambolini,Divagando
Ugo Palanza,Divagando
De Gennaro,Divagando
Ciro Poggiali,Divagando
Giovanni Ansaldo,Divagando
Elio D'Aurora,Divagando
A Padovan,Divagando
Nelly Chiaramonte,Divagando
F Zambolini,Divagando
Anna Marisa Recupito,Divagando
Vittorio Famularo,Divagando
G Descalzo,Divagando
Mario Cardano,Divagando
B T Avancini,Divagando
Carlo Cecioli,Divagando
I Scimone,Divagando
Cesare Gargano,Divagando
Toto R Milana D'Aragona,Divagando
Louis Accotto,Divagando
Laura Maresca,Divagando
John P Baione,Divagando
S Bianco,Divagando
Giovanni John Abys,Divagando
Frank Cariello,Divagando
Aldo Adami,Divagando
Amelia Gasparetto,Divagando
Mark Twain,Divagando
Mario Basile,Divagando
D Diego,Divagando
Gastone Tanzi,Divagando
Marta Belloni,Divagando
Francesco Meirano,Divagando
C Rossi,Divagando
Teofilo Gautier,Divagando
Enrico Serretta,Divagando
Rosaria Lebrizzi,Divagando
FM Maccio',Divagando
Ugo Marini,Divagando
D D'Arezzo,Divagando
Giuseppe Zucca,Divagando
Ugo Altalena ,Divagando
Merce Mundula,Divagando
O Henry,Divagando
Flavia Steno,Divagando
Giacomo Etna,Divagando
Maria Donati ,Divagando
Luciano Zuccoli,Divagando
Ada Renni,Divagando
Cosimo Giorgieri Contri,Divagando
Giovanni Pascoli,Divagando
Luisa Giuliani,Divagando
Dina Faivano,Divagando
CA Faivano,Divagando
Mario La Stella,Divagando
Antonia Benanti,Divagando
Guido Rivoli,Divagando
Pia Rimini,Divagando
Luigi Orsini,Divagando
L Mandula,Divagando
M Guarraci,Divagando
Giulio Orsini,Divagando
Giorgio Mariani,Divagando
G Bocacchi,Divagando
G Di Giacomo,Divagando
Giuseppe Marotta,Divagando
Trilussa,Divagando
Amanda Guglielminetti,Divagando
Pietro Greco,Divagando
Doris Anny,Divagando
Francis Marion Crawford,Divagando
C Giacchetti,Divagando
Paolo Nalti,Divagando
Marise Ferro,Divagando
Felice Soffre',Divagando
Alberto Zuccari,Divagando
Giulio Ardenghi,Divagando
Giosue' Di Leo,Divagando
Maria Gianpietro,Divagando
Franco Sacchetti,Divagando
Edoardo Ferrante,Divagando
Aldo Mastri,Divagando
Rodolfio Mancini,Divagando
Tito Alippi,Divagando
Bernard M Baruch,Divagando
Italo Stanco,Divagando
Gino Bufo,Divagando
Lia Jeno,Divagando
Argentina Brunetti,Divagando
Eligio G Barberis,Divagando
R Sabatino,Divagando
G D'Attili,Divagando
Sylvia Miller Valenti,Divagando
Salvatore Viola,Divagando
A Restelli,Divagando
Dora R,Divagando
Giorgio Padovani,Divagando
Luigi Balzano Conti,Divagando
Helen Mandrais,Divagando
B Aquaro-Deodati,Divagando
Giovanna Altamura,Divagando
Gino Carucci,Divagando
Rita Ferroni,Divagando
Fernanda Luzio Santoro,Divagando
Erberto Landi,Divagando
Mario Palladini,Divagando
Francesco Pennini,Divagando
Giulio Pastore,Divagando
Ivan Matteo Lombardo,Divagando
Serafino Romualdi,Divagando
Gabriele Villa,Divagando
Luigi Antonini,Divagando
Vanni Buscemi Montana,Divagando
Frank Andolina,Divagando
Girolamo Valenti,Divagando
Walter P Reuther,Divagando
Frank Bellanca,Divagando
Rolando Cirri,Divagando
Enzo De Luca,Divagando
Ruggero Pietro Situlin,Divagando
Angiolo Silvio Novaro,Divagando
Pina Ballario,Divagando
Franco Caburi,Divagando
A Gariboldi,Divagando
Gino Gazzini Roner,Divagando
Guido Mazzaraco,Divagando
Paolo Mantegazza,Divagando
Dario Arfelli,Divagando
Guglielmo Giannini,Divagando
Guelfo Civinini,Divagando
Iginio Fuga,Divagando
Giuseppe Colli,Divagando
Benedetto Ciaceri,Divagando
Ugo Vittori,Divagando
Aldo De Dominicis,Divagando
Anthony Scardino,Divagando
Olga Gallot,Divagando
Carlo Sabatini,Divagando
Paola Panichi,Divagando
Achille Campanile,Divagando
Arnaldo Gariboldi,Divagando
Girolamo Rovetta,Divagando
Ferrante Aporti,Divagando
Mario Buzzichini,Divagando
Agostino de Biasi,Divagando
Alfonso Carpentieri,Divagando
Lalla Romano,Divagando
Carlo Poerio,Divagando
Lorenzo Lucarelli,Divagando
Augusto Iandolo,Divagando
Luigi Varallo,Divagando
Giovanni P D'Araio,Divagando
Ferrante Alvaro de Torres,Divagando
Attilio Rovinelli,Divagando
Edmondo De Amicis,Divagando
Aldo Palazzeschi,Divagando
Enrico Ragusa,Divagando
Mario Puccini,Divagando
A Marchi,Divagando
G Isola,Divagando
Pasquale Ruocco,Divagando
Piero Fortunato,Divagando
Maria Luisa Fiumi,Divagando
Maria Sacconi,Divagando
Pio Sterbini,Divagando
Giovanni Banfi,Divagando
Mario Brunetti,Divagando
Padre Alberto Scotton,Divagando
Giovanni Marradi,Divagando
Vittoria Aganoor,Divagando
Aristide Bosi,Divagando
Stelio Tommei,Divagando
Antonio Selva,Divagando
M Menicucci,Divagando
Roberto Landi,Divagando
Pierluigi Manfredini,Divagando
Dario Cecchi,Divagando
Gian Mirola,Divagando
Carlo Nerini,Divagando
Anatolio Della Maggiora,Divagando
Thomas Russo,Divagando
Joseph Tusiani,Divagando
G Altini,Divagando
Santo Casillo,Divagando
A Violante,Divagando
A Setti,Divagando
Elisa Trapani,Divagando
Vittorio Cerroni,Divagando
A Podda,Divagando
Alessandro Manzoni,Divagando
Milena Baldazzi,Divagando
G Fontana,Divagando
Vittorio Bisi,Divagando
Giuseppe Capogreco,Divagando
Silvio Pellico,Divagando
Massimo d'Azeglio,Divagando
Dina Pollak,Divagando
G Di Gioia,Divagando
Pietro Fortunato,Divagando
Onorio Ruotolo,Divagando
Rosa Trillo Clough,Divagando
Luigi Brunetti,Divagando
Carmine Sampugnaro,Divagando
G Moccagatta,Divagando
G Angerissola,Divagando
G Giardini,Divagando
Genuzio Bentini,Divagando
F Rizzatti,Divagando
Bela Bak,Divagando
Stantino Re,Divagando
Marlen D,Divagando
F Fasolo,Divagando
G Maugeri,Divagando
S Bertoldi,Divagando
Vittoria Belluschi,Divagando
G Pullon,Divagando
R Wirkman,Divagando
A Grimaldi,Divagando
G Poggi,Divagando
Mario Musella,Divagando
Mino Caudana,Divagando
Matilde Serao,Divagando
Onorio Ruotolo,Leonardo Da Vinci
Onorio Ruotolo,Il Fuoco
Arturo Giovannitti,Il Fuoco
Onorio Ruotolo,Giovanni Schiavo
Elsie Garaventa,Divagando
Elsie Garaventa,Dorothy Parker
Thomas Russo,Office of War Information
Pio Sterbini,Office of War Information
Pio Sterbini,Nicola Chiaromonte
Pio Sterbini,Il Commercio
Pio Sterbini,Antonio Salandra
Pio Sterbini,Italian Consulates
The Italian Tribune,Arnaldo Gariboldi
Achille Campanile,Rizzoli Editore
Achille Campanile,Carosello
Guelfo Civinini,Il Corriere della Sera
Franco Caburi,Il Corriere della Sera
Pina Ballario,Arnoldo Mondadori Editore
Pina Ballario,Grazia
Angiolo Silvio Novaro,Arnoldo Mondadori Editore
Enzo De Luca,Il Progresso
Agostino de Biasi,Il Progresso
Agostino de Biasi,Il Carroccio
Frank Bellanca,Amalgamated Clothing Workers of America
Onorio Ruotolo,Amalgamated Clothing Workers of America
Natalia Danesi Murray,Ester Danesi Traversari
Ester Danesi Traversari,La Settimana
Ester Danesi Traversari,La Donna
Girolamo Valenti,Amalgamated Clothing Workers of America
Girolamo Valenti,Sylvia Miller Valenti
Girolamo Valenti,WOV
Girolamo Valenti,WNHC
Aldo De Dominicis,WNHC
Vanni Buscemi Montana,Il Nuovo Mondo/La Stampa Libera
Girolamo Valenti,Il Nuovo Mondo/La Stampa Libera
Vanni Buscemi Montana,International Ladies Garment Workers Union
Vanni Buscemi Montana,La Giustizia
Vanni Buscemi Montana,Girolamo Valenti
Vanni Buscemi Montana,Ignazio Silone
Luigi Antonini,Il Nuovo Mondo/La Stampa Libera
Luigi Antonini,International Ladies Garment Workers Union
Carlo Tresca,Italian-American Labor Council
Joseph Catalanotti,Italian-American Labor Council
Arturo Giovannitti,Italian-American Labor Council
Vanni Buscemi Montana,Arturo Giovannitti
Salvatore Ninfo,Italian-American Labor Council
Serafino Romualdi,International Ladies Garment Workers Union
Serafino Romualdi,Amalgamated Clothing Workers of America
Erberto Landi,Sanremo Festival
Erberto Landi Enterprises,Domenico Modugno
Eligio G Barberis,City University of New York
Argentina Brunetti,Metro-Goldwyn-Mayer
Argentina Brunetti,Frank Capra
Giulio Ardenghi,La Lettura
Marise Ferro,Carlo Bo
Marise Ferro,Guido Piovene
Marise Ferro,Rizzoli Editore
Francis Marion Crawford,Mark Twain
Amanda Guglielminetti,Guido Gozzano
Umberto Gozzano,Guido Gozzano
Amanda Guglielminetti,Arnoldo Mondadori Editore
Amanda Guglielminetti,Rizzoli Editore
Trilussa,Arnoldo Mondadori Editore
Giuseppe Marotta,Il Corriere della Sera
Giuseppe Marotta,Bompiani Editore
Giuseppe Marotta,Vittorio De Sica
Giuseppe Marotta,Cesare Zavattini
Giuseppe Zucca,Angelo Fortunato Formiggini
Giuseppe Zucca,L'Italia che scrive
Giuseppe Zucca,Fauno Film
Luigi Orsini,Giovanni Pascoli
Luigi Orsini,Giosue Carducci
Amelia Gasparetto,Arnoldo Mondadori Editore
Anna Marisa Recupito,Oggi
Nelly Chiaramonte,Jack London
Nelly Chiaramonte,L'Espresso
Giovanni Ansaldo,L'Unita
Ciro Poggiali,Il Corriere della Sera
Lee Posner,Il Progresso
Lee Posner,All American Press
Augusto Dore',Oggi
Domenico Porzio,Arnoldo Mondadori Editore
Domenico Porzio,Jack Kerouac
Incom,Giulio Petroni
Giulio Petroni,Feltrinelli
Edilio Rusconi,Oggi
Edilio Rusconi,Gioia
Edilio Rusconi,La Lettura
Edilio Rusconi,Eugenio Montale
Edilio Rusconi,Rizzoli Editore
Edilio Rusconi,Gente
Giovanni Ansaldo,Gaetano Salvemini
Antonio Miotto,Oggi
Antonio Miotto,Il Corriere della Sera
Sergio Franzi,La Lettura
Sergio Franzi,Il Corriere della Sera
Salvatore Sturiale,International Ladies Garment Workers Union
Salvatore Sturiale,Giovanni John Abys
Elpidio Jenco,Giuseppe Ungaretti
Vittorio Buttafava,Annabella
Vittorio Buttafava,Oggi
Vittorio Buttafava,Novella
Vittorio Buttafava,Epoca
Anselmo Goli,Oggi
Ada Negri,Arnoldo Mondadori Editore
Vittorio Malpassuti,Gabriele d'Annunzio
Alfredo Panzini,Giosue Carducci
Francesco Pastonchi,Il Corriere della Sera
Diego Calcagno,Sanremo Festival
Giorgio Agosti,Giulio Einaudi
Giorgio Agosti,Aldo Garosci
Vanni Buscemi Montana,Aldo Garosci
Giorgio Agosti,Leone Ginzburg
Giorgio Agosti,Gaetano Salvemini
Arnaldo Cipolla,Il Corriere della Sera
Teresa Sensi,Annabella
Teresa Sensi,Rizzoli Editore
Enrico Caprili,Angelo Fortunato Formiggini
Federico Mennella,Il Progresso
Federico Mennella,Agostino de Biasi
Diego Valeri,Domenico Porzio
Diego Valeri,Arnoldo Mondadori Editore
Aldo Capasso,Giuseppe Ungaretti
Aldo Capasso,Ada Negri
Aldo Capasso,Eugenio Montale
Aldo Capasso,Salvatore Quasimodo
Aldo Capasso,Cesare Zavattini
Aldo Capasso,WH Auden
Lucilla Antonelli,Ada Negri
Lucilla Antonelli,Il Corriere della Sera
Lucilla Antonelli,La Lettura
Enrico Roda,Oggi
Salvator Gotta,Guido Gozzano
Salvator Gotta,Il Corriere della Sera
Salvator Gotta,Arnoldo Mondadori Editore
Clara Grifoni,Il Corriere della Sera
Clara Grifoni,La Lettura
Clara Grifoni,Oggi
Clara Grifoni,Epoca
Giorgio Gatti,WOV
Amelia Bonvicino,WOV
Eugene Luotto,WOV
Eugene Luotto,Andre Luotto
Thomas Russo,City University of New York
Paolo Milano,City University of New York
Rosa Trillo Clough,City University of New York
Amerigo Ruggiero,Il Progresso
Amerigo Ruggiero,Giuseppe Prezzolini
Amerigo Ruggiero,Luigi Barzini
Amerigo Ruggiero,Giulio Einaudi Editore
Amerigo Ruggiero,Carlo Levi
Amerigo Ruggiero,Longanesi & C
Carola Prosperi,La Donna
Carola Prosperi,Rizzoli Editore
Carlo Manzoni,Longanesi & C
Milly Dandolo,Arnoldo Mondadori Editore
Milly Dandolo,Rizzoli Editore
Dino Falconi,Anna Magnani
Dino Falconi,Vittorio De Sica
Dino Provenzal,Ada Negri
Dino Provenzal,Arturo Graf
Dino Provenzal,Vamba
Vamba,Divagando
Dino Provenzal,Arnoldo Mondadori Editore
Gino Giulini,Novella
Alfredo Panzini,Novella
Anselmo Goli,Oggi
Bianca de Mai,La Lettura
Bianca de Mai,Annabella
Bianca de Mai,La Donna
Bianca de Mai,Il Corriere della Sera
Erberto Landi,Pettinella Advertising Company
Andre Luotto,Commercial Radio Service
Eugene Luotto,Commercial Radio Service
Mike Bongiorno,Pettinella Advertising Company
Mike Bongiorno,Generoso Pope
Mike Bongiorno,WOV
Eligio G Barberis,Leonard Covello
Eligio G Barberis,Italian Sons of America
Joseph Tusiani,City University of New York
Eligio G Barberis,Il Carroccio
Il Milione,Mondadori
Il Milione,Pittigrilli
Franco Lalli,Il Carroccio
Franco Lalli,Leonardo Annual Magazine
Leonardo Annual Magazine,Libero Andreotti
Leonardo Annual Magazine,Luigi Barzini
Leonardo Annual Magazine,Paolo Boselli
Leonardo Annual Magazine,Roberto Bracco
Leonardo Annual Magazine,Nicol Brunori
Leonardo Annual Magazine,Don Gelasio Caetani
Leonardo Annual Magazine,Antonio Calitri
Leonardo Annual Magazine,Ercole Cantelmo
Leonardo Annual Magazine,Fernando Ciavatta
Leonardo Annual Magazine,Auro D'Alba
Leonardo Annual Magazine,Gabriele d'Annunzio
Leonardo Annual Magazine,Guido da Verona
Leonardo Annual Magazine,Agostino de Biasi
Leonardo Annual Magazine,Pasquale de Biasi
Leonardo Annual Magazine,Giacomo N. de Martino
Leonardo Annual Magazine,Paolo de Vecchi
Leonardo Annual Magazine,Salvatore di Giacomo
Leonardo Annual Magazine,Favonio di Giura
Leonardo Annual Magazine,Aldo di Leo
Leonardo Annual Magazine,Giuseppe Errico
Leonardo Annual Magazine,Michele Falanga
Leonardo Annual Magazine,A. Frabasilis
Leonardo Annual Magazine,Francesco Galante
Leonardo Annual Magazine,Giulio Gatti-Casazza
Leonardo Annual Magazine,Arturo Giovannitti
Leonardo Annual Magazine,Ernesto Grasso
Leonardo Annual Magazine,Franco Lalli
Leonardo Annual Magazine,Aldo Lazzarini
Leonardo Annual Magazine,Antonio Locatelli
Leonardo Annual Magazine,Andre Luotto
Leonardo Annual Magazine,Achille Marcolongo
Leonardo Annual Magazine,Domenico Marino
Leonardo Annual Magazine,Armando Mazza
Leonardo Annual Magazine,Paolo Michetti
Leonardo Annual Magazine,A. Mungo
Leonardo Annual Magazine,G. Mungo
Leonardo Annual Magazine,Giovanni Papini
Leonardo Annual Magazine,Luigi Pirandello
Leonardo Annual Magazine,Edmondo Pizzella
Leonardo Annual Magazine,Giuseppe Prezzolini
Leonardo Annual Magazine,Luigi Rava
Leonardo Annual Magazine,Corrado Ricci
Leonardo Annual Magazine,Semplicio Righi
Leonardo Annual Magazine,Luigi Roversi
Leonardo Annual Magazine,Onorio Ruotolo
Leonardo Annual Magazine,Francesco Sisca
Leonardo Annual Magazine,Nino Sparacino
Leonardo Annual Magazine,Italo Stanco
Leonardo Annual Magazine,Domenico Trentacoste
Leonardo Annual Magazine,Ernesto Valentini
Leonardo Annual Magazine,Gianni Viafora
Leonardo Annual Magazine,Vincenzo Volpe
Corrado Alvaro,Il Milione
Ugo Betti,Il Milione
Massimo Bontempelli,Il Milione
Libero Bovio,Il Milione
Anton Giulio Bragaglia,Il Milione
Roberto Bracco,Il Milione
Achille Campanile,Il Milione
Lucio D'Ambra,Il Milione
Ernesto Daquanno,Il Milione
Grazia Deledda,Il Milione
Matilde Serao,Il Milione
Annie Vivanti,Il Milione
Dino Falconi,Il Milione
Angelo Frattini,Il Milione
Guido Milanesi,Il Milione
Alfredo Panzini,Il Milione
Luigi Pirandello,Il Milione
Ferdinando Russo,Il Milione
Giuseppe Villaroel,Il Milione
Giuseppina Ferioli,Il Milione
Henri Duvernois,Il Milione
Alfredo Capus,Il Milione
Paul Laffitte,Il Milione
Leonida Andrejeff,Il Milione
Sandro Sandri,Il Milione
Ernesto Daquanno,Il Milione
Massimo Bontempelli,Il Milione
Lorenzo Gigli,Il Milione
Luigi Pirandello,Il Milione
Carlo Salsa,Il Milione
Ugo Betti,Il Milione
Leo Longanesi,Il Milione
Cesare Zavattini,Il Milione
Leonardo Sinisgalli,Il Milione
Leonida Repaci,Il Milione
Vittorio Gorresio,Il Milione
Luigi Chiarelli,Il Milione
Giuseppe Marotta,Il Milione
Gian Gaspare Napolitano,Il Milione
Arturo Tofanelli,Il Milione
Ercole Patti,Il Milione
Vitaliano Brancati,Il Milione
Alessandro Bonsanti,Il Milione
Vincenzo Talarico,Il Milione
Achille Campanile,Il Milione
Il Corriere d'America,Franco Lalli
Marcello Girosi,Panorama
Franco Lalli,Panorama
Franco Lalli,Fortuna Publishing
WABD,Franco Lalli
WABD,Andre Luotto
Le Maschere,Franco Lalli
Le Maschere,Joseph Zappulla
Giuliano Gerbi,WOV
Giuliano Gerbi,Office of War Information
Carlo Vinti,Divagando
Carlo Vinti,WOV
Marcello Girosi,Corriere d'America
Erberto Landi,WOR
Andre Luotto,WOR
Erberto Landi,WABC
Erberto Landi,WATV
Franco Lalli,WOR
Erberto Landi,Voice of America
Mike Bongiorno,Voice of America
Giorgio Gatti,Voice of America
Renzo Renzi,Voice of America
Roberto Campa,Voice of America
Mariella de Pisa,Voice of America
Luigi Racca,Voice of America
Edoardo Vergara-Caffarelli,WOR
Edoardo Vergara-Caffarelli,Voice of America
Giorgio Tagliacozzo,Voice of America
Marcello Maestro,Voice of America
Gian Carlo Rossini,Voice of America
Voice of America,Office of War Information
Erberto Landi,Erberto Landi Enterprises
Erberto Landi,Landi Advertisement Co
Erberto Landi Enterprises,Claudio Villa
Erberto Landi Enterprises,Gino Latila
Erberto Landi Enterprises,Carla Boni
Erberto Landi,Italclub Inc
Erberto Landi,Neapolitan Song Festival
Erberto Landi,Cantagiro
Erberto Landi Enterprises,Connie Francis
Erberto Landi,WHOM
Erberto Landi Enterprises,Orietta Berti
Erberto Landi Enterprises,Peppino Di Capri
Erberto Landi Enterprises,Iva Zanicchi
Erberto Landi Enterprises,Renato Carosone
Erberto Landi Enterprises,Rita Pavone
Erberto Landi,WBNX
Erberto Landi,WNCW
Franco Lalli,CBS
Erberto Landi Enterprises,Jimmy Roselli
Erberto Landi Enterprises,Milva
Erberto Landi Enterprises,Luciano Tajoli
Erberto Landi Enterprises,Nino Taranto
Erberto Landi Enterprises,Sergio Bruni
Erberto Landi Enterprises,Achille Togliani
Erberto Landi Enterprises,Giuseppe Anedda
Erberto Landi Enterprises,Luciano Virgili
Erberto Landi Enterprises,Marino Marini
Erberto Landi Enterprises,Tullio Pane