entry,type
Giuseppe Prezzolini,person
Goffredo Parise,person
Giulio Einaudi Editore,institution
Pier Paolo Pasolini,person
New Directions,institution
Alba de Cespedes,person
Botteghe Oscure,institution
Marguerite Chapin Caetani,person
Uguccione Ranieri di Sorbello,person
Natalia Danesi Murray,person
Antonio Barolini,person
Milena Milani,person
Frank Snowden Jr.,person
Elma Baccanelli,person
Italian Quarterly,institution
Alfred Kazin,person
Longanesi & C.,institution
Rizzoli Editore,institution
Ugo Stille,person
American Academy,institution
Princeton University,institution
Lydia Holland,person
Iris Origo,person
Divagando,institution
Andre Luotto,person
Gregory Corso,person
Lawrence Ferlinghetti,person
Festival of the Two Worlds,institution
William Demby,person
Paolo Milano,person
Nicola Chiaromonte,person
Tempo Presente,institution
Giuseppe Berto,person
Isabel Quigly,person
Primo Levi,person
Giovanni Papini,person
Paolo Volponi,person
Ignazio Silone,person
Tommaso Landolfi,person
Dante Arfelli,person
Congress for Cultural Freedom,institution
Europe-America Groups,institution
John Anthony Ciardi,person
Italian Cultural Institute,institution
Fulbright Program,institution
Darina Laracy Silone,person
Bompiani Editore,institution
Gabriele d'Annunzio,person
Archibald MacLeish,person
Umberto Eco,person
Random House,institution
Andrea Ragusa,person
Harper's Bazaar,institution
The Literary Review,institution
Giuseppe Ungaretti,person
United States Information Agency,institution
Italian Academy for Advanced Studies,institution
United States Information Service,institution
Arnoldo Mondadori Editore,institution
An Anthology of New Italian Writers,institution
Chelsea,institution
The Italian Scene,institution
Michele Cantarella,person
Lorenza Mazzetti,person
Gaia Servadio,person
Oriana Fallaci,person
Cesare Pavese,person
Jack Kerouac,person
Allen Ginsberg,person
William Burroughs,person
Fernanda Pivano,person
Ettore Sottsass,person
Gioconda Savini,person
Alberto Denti di Pirajno,person
La Voce,institution
International Committee on Intellectual Cooperation,institution
Il Tempo,institution
Il Resto del Carlino,institution
Il Borghese,institution
Longanesi & C,institution
Marianne Ceconi Gifford,person
Stuart Hood,person
Mario Schifano,person
"Farrar, Straus & Company",institution
Aldo Garzanti Editore,institution
Knopf,institution
Corriere della Sera,institution
Strega Prize,institution
Giulio Einaudi,person
Leone Ginzburg,person
Ernesto de Martino,person
Gertrude Stein,person
Henry James,person
Herman Melville,person
Renato Poggioli,person
Luigi Einaudi,person
Ernest Hemingway,person
Elio Vittorini,person
Italo Calvino,person
Philip Roth,person
Saul Bellow,person
William Weaver,person
Giorgio Bassani,person
Natalia Ginzburg,person
Elsa Morante,person
Vittorio De Sica,person
Collana viola,institution
Coralli,institution
Supercoralli,institution
Millenni,institution
Rockefeller Foundation,institution
Ford Foundation,institution
Harvard University,institution
Alberto Moravia,person
William Faulkner,person
John Steinbeck,person
T.S. Eliot,person
Ezra Pound,person
Piero Poletto,person
L'Europeo,institution
Il Corriere della Sera,institution
Petrolio,institution
Folder 3,institution
Grove Press,institution
Jonathan Cape,person
MoMA,institution
James Laughlin,person
Federico Garcia Lorca,person
Jorge Luis Borges,person
Paul Eluard,person
Roberto Sanesi,person
Mario Luzi,person
Eugenio Montale,person
Andrea Zanzotto,person
Tommaso Giglio,person
Giorgio Monicelli,person
Niccolo Tucci,person
Elio Pagliarani,person
Luigi Ballerini,person
William F Weaver,person
Maurice English,person
Vittoria Bradshaw,person
William Young,person
Raymond Rosenthal,person
Norman Thomas di Giovanni,person
Enrico Pea,person
Tito Guerrini,person
Leslie Fiedler,person
Dante Alighieri,person
Leonardo Da Vinci,person
Smith College,institution
Middlebury College,institution
Brown University,institution
The New Yorker,institution
Partisan Review,institution
Gruppo '63,institution
Moscardino,institution
Commerce,institution
Harper & Brothers,institution
Doubleday & Company,institution
Harcourt,institution
John L Brown,person
Frances Steloff,person
Vasco Pratolini,person
Carlo Cassola,person
Guglielmo Petroni,person
Giuseppe Tomasi di Lampedusa,person
Giorgio Caproni,person
Carlo Levi,person
Umberto Saba,person
Books Abroad,institution
Holliday Bookshop,institution
Foreign Books di Schoenhof,institution
Red Door Bookshop,institution
Noonday Press,institution
Wesleyan University Press,institution
United States Information Service,institution
Time,institution
Gotham Book Mart,institution
Vogue,institution
Prince of Bassiano Roffredo Caetani,person
Elsa Dallolio,person
Marguerite Young,person
Theodore Roethke,person
Allan Tate,person
Wallace Fowlie,person
Jackson Mathews,person
Eugene Walter,person
Katherine Garrison Chapin,person
William P Wilcox,person
Cass Canfield,person
Peter Tompkins,person
Blanche Knopf,person
Macha L Rosenthal,person
Romeyne Robert,person
Riccardo Paladini,person
Maria Jacch,person
Yale University,institution
Italian Summer School of Middlebury College,institution
Il Corriere del Connecticut,institution
Il Progresso Italo-Americano,institution
Italy-America Review,institution
Giornalino,institution
Italian Ministry of Culture,institution
Italian Ministry of Foreign Affairs,institution
Italian Embassy in Washington,institution
Italian Consulates,institution
American Association Teachers of Italian,institution
HemisFair Universal Exposition,institution
Fondazione Ranieri di Sorbello,institution
Romeyne Robert and Uguccione Ranieri Foundation,institution
William Murray,person
Janet Flanner,person
Bassani,person
Moravia,person
Leonor Finti,person
Luigi Barzini,person
Alcide De Gasperi,person
Sandro Pertini,person
Rufus Morey,person
Joseph Burstyn,person
Anna Magnani,person
Alfonso Gatto,person
Vittorio Sereni,person
Arnoldo Mondadori,person
Nando Sampietro,person
Gianfranco Cantini,person
President Johnson,person
Sergio Fenoaltea,person
Andrea Rizzoli,person
NBC,institution
Women Army Corps,institution
National Liberation Committee,institution
Mademoiselle,institution
Bellissima,institution
Epoca,institution
World's Fair,institution
Helen Mollica,person
Helen Barolini,person
Adriano Olivetti,person
Teodolinda Barolini,person
Edizioni dell'Asino Volante,institution
Movimento Comunita,institution
La Stampa,institution
Reporter,institution
Saturday Review,institution
The Critic,institution
Feltrinelli,institution
Guernica,institution
Pantheon Books,institution
Italian Poetry Review,institution
Columbia University,institution
Accademia Olimpica,institution
Biblioteca Civica Bertoliana of Vicenza,institution
Anna Drei,person
Graham Snell,person
Tonino Valerii,person
Carlo Cardazzo,person
Fondazione Museo d'Arte Contemporanea in Memoria di Carlo Cardazzo,institution
Vito Beltrani,person
Boston Latin School,institution
Rosenwald Fellowship,institution
Il Tevere,institution
Il Giornalissimo,institution
Il Quotidiano,institution
La Voce Repubblicana,institution
Il Momento,institution
US Embassy in Rome,institution
A European View of American Education,institution
American Philological Association,institution
Fiorello La Guardia,person
Carlo Laurenzi,person
Teresa Foscari Foscolo,person
Vitaliano Brancati,person
Giovanni Macchia,person
Manlio Cancogni,person
New York Times,institution
US Army,institution
Office of War Information,institution
Psychological Warfare Branch,institution
Italia Nostra,institution
Carlo Luigi Golino,person
"Lowry Nelson, Jr",person
Pier Maria Pasinetti,person
Charles Speroni,person
Michael De Filippis,person
Mario Pei,person
Charles S Singleton,person
Carlo Goldoni,person
Ugo Foscolo,person
Dino Campana,person
Italo Svevo,person
Salvatore Quasimodo,person
Giovanni Verga,person
Dante,person
Richard Wilbur,person
Anthony Hecht,person
William Jay Smith,person
WH Auden,person
Vincent Luciani,person
Mario Soldati,person
Dante della Terza,person
Thomas Bergin,person
UC Los Angeles,institution
UC Riverside,institution
University of Massachusetts,institution
Dante Society of America,institution
UC Berkeley,institution
City University of New York,institution
L'Espresso,institution
Johns Hopkins University,institution
Rutgers University,institution
Margherita Santi Farina,person
Masolino d'Amico,person
Luigi Pirandello,person
Gaetano Salvemini,person
Leo Stein,person
Bernard Berenson,person
Villa I Tatti,institution
Salzburg Seminar in American Studies,institution
Giovanni Ansaldo,person
Indro Montanelli,person
Dino Buzzati,person
Alan Furst,person
Langston Hughes,person
Charles Jackson,person
Willa Cather,person
Ennio Flaiano,person
John Lehman,person
Sheila Cudahy,person
Jules Dassin,person
Giuliano Montaldo,person
Claudio Gora,person
Luigi Bartolini,person
Giovanni Comisso,person
Giuseppe Marotta,person
Mario Laboccetta,person
Mario Spagnol,person
Il Cammeo,institution
Pellegrini & Cudahy,institution
Signet Books,institution
New American Library,institution
Macmillan Company,institution
Academy Award,institution
Messaggerie Italiane,institution
Angelo Rizzoli,person
Federico Fellini,person
Luchino Visconti,person
Riccardo Bacchelli,person
Giovanni Guareschi,person
Vincenzo Trubridge,person
Frances Frenaye,person
Keith Jennison,person
Leo de Castelnovo,person
Guido Tallone,person
Martin Scorsese,person
Giorgio Cavaglieri,person
Marella Agnelli,person
Biblioteca Universale Rizzoli,institution
UNESCO,institution
Cineriz,institution
Graded Italian Reader Second Stage,institution
DC Heath and Company,institution
The New York Times,institution
Italian Week on Fifth Avenue,institution
Italian American Week,institution
Arnoldo Mondadori Editore,institution
Giovanni Gentile,person
Giaime Pintor,person
Bruno Zevi,person
Franco Modigliani,person
Max Ascoli,person
Alberto Tarchiani,person
Elizabeth Bogert,person
Ennio Caretto,person
Arturo Zampaglione,person
Vittorio Ivella,person
Stefano Eco,person
University of Rome,institution
Oggi,institution
George Howe,person
Louis Kahn,person
Michael Graves,person
Pietro Belluschi,person
Robert Venturi,person
Alfred H Barr,person
Leonard Bernstein,person
Pier Luigi Nervi,person
Gian Carlo Menotti,person
Louis Simpson,person
Richard Meier,person
Rome Prize,institution
Pulitzer Prize,institution
Pritzker Prize,institution
William Fense Weaver,person
Ugo Moretti,person
Carlo Emilio Gadda,person
Raffaele La Capria,person
Charles T Davis,person
Raymond Grew,person
Octavian Augustus,person
Marcus Aurelius,person
Luca Cambiaso,person
Parmigianino,person
Giambattista Tiepolo,person
Amedeo Modigliani,person
Vittore Carpaccio,person
Michelangelo,person
Gian Lorenzo Bernini,person
Nobel Prize,institution
Unita d'Italia Prize,institution
Princeton University Press,institution
Princeton University Art Museum,institution
Margaret Leonora Eyles,person
David L Murray,person
Vivyan Leonora Eyles,person
Mario Praz,person
Wolfgang Fritz Volbach,person
Angus Davidson,person
Times Literary Supplement,institution
"St Hugh's College, Oxford",institution
University of Liverpool,institution
La Sapienza,institution
Secker & Warburg,institution
Penguin,institution
Bayard Cutting,institution
Sybil Cuffe,institution
Edith Wharton,person
George Santayana,person
Antonio Origo,person
Cecil Pinsent,person
Virginia Woolf,person
Leonard Woolf,person
Giacomo Leopardi,person
Cola di Rienzo,person
Lauro de Bosis,person
Ruth Draper,person
Francesco Datini,person
Lord Byron,person
Teresa Guiccioli,person
Elena Croce,person
Giovanna Benzoni,person
Sunday Times,institution
Villa Medici,institution
Hogarth Press,institution
New York Review Classics,institution
Radcliffe College,institution
The Atlantic Monthly,institution
Cornhill Magazine,institution
Frank V Liotta,person
Frank Gatti,person
Pietro Novasio,person
Franco Lalli,person
Alberto Viviani,person
Marcello Marchesi,person
Carlo Coccioli,person
American Committee on Italian Migration,institution
Paolo Luotto,person
Enrico Caruso,person
Arturo Toscanini,person
WOV,institution
Il Carroccio,institution
Il Corriere d'America,institution
L'Americolo,institution
Sergio Perosa,person
Gianni Menarini,person
Pablo Neruda,person
Stephen Spender,person
Octavio Paz,person
Amiri Baraka,person
Dario Bellezza,person
Diane di Prima,person
John Giorno,person
Brion Gysin,person
Amelia Rosselli,person
Percy Bysshe Shelley,person
Lucky Luciano,person
City Lights Booksellers and Publishers,institution
Guanda Editore,institution
East 128,institution
Festival dei Due Mondi,institution
Festival di Castel Porziano,institution
Peter Martin,person
Charles Olson,person
Romano Giachetti,person
Alfredo Rizzardi,person
Nat Scamacca,person
Bruno Marcer,person
Floriana Bossi,person
Tennessee Williams,person
Vittorio Gassman,person
Giorgio De Chirico,person
Roberto Rossellini,person
Renzo Vespignani,person
Marcello Muccini,person
Lucia Drudi,person
Camillo Mastrocinque,person
Europa '51,institution
Silvio D'Amico,person
Thomas Mann,person
Gerhart Hauptmann,person
Gotthold Ephraim Lessing,person
Angelo Fortunato Formiggini,person
Andrea Caffi,person
Laurence Binyon,person
C H Grandgent,person
Dante Gabriel Rossetti,person
Adriano Tilgher,person
Giorgio Diaz de Santillana,person
Dino Terra,person
Francesco Grandjacquet,person
Carlo Rosselli,person
Mario Levi,person
Andre Malraux,person
Raymond Aron,person
Lionello Venturi,person
Franco Venturi,person
Paul Desjardins,person
Renzo Guia,person
Giuseppe Emanuele Modigliani,person
Giuseppe Faravelli,person
Angelo Tasca,person
Albert Camus,person
Lamberto Borghi,person
Aldo Bruzzichelli,person
Meyer Schapiro,person
Dwight Macdonald,person
Mary McCarthy,person
Hannah Arendt,person
Lionel Abel,person
Robert Lowell,person
Elizabeth Hardwick,person
William Phillips,person
William Barrett,person
Philip Rhav,person
James T Farrell,person
Sidney Hook,person
Simone Weil,person
PJ Proudhon,person
Georges Gurvitch,person
HJ Kaplan,person
Giustizia e Liberta,institution
L'Italia Libera,institution
The New Republic,institution
Il Mondo,institution
Dissent,institution
Leonardo Sciascia,person
Enzo Forcella,person
Nelo Risi,person
Altiero Spinelli,person
Gustaw Herling,person
Elemire Zolla,person
Isaiah Berlin,person
Guido Piovene,person
Associazione italiana per la liberta della cultura,institution
Encounter,institution
David McDowell,person
Arthur Miller,person
Martha Foley,person
Ben Johnson,person
Book Find Club,institution
Acta Films,institution
Greenwood Press,institution
Book of the Month Club,institution
Simon and Schuster,institution
Modern Library,institution
Raffaello Salimbeni,person
Simon Bessie,person
Eric Linder,person
Silvano Ceccherini,person
Robin Healey,person
Eric Mosbacher,person
Collins,institution
Franco Antonicelli,person
Anna Foa,person
Laura Capon,person
Stuart J Woolf,person
Leonardo De Benedetti,person
Ann Goldstein,person
Einaudi,institution
"Little, Brown & Company",institution
Orion Press,institution
Collier Books,institution
Schocken Books,institution
Norton-Liveright,institution
Ca' Foscari University,institution
Charles Sanders Peirce,institution
William James,person
George Berkeley,person
Herbert Spencer,person
Walt Whitman,person
Dorothy Canfield Fisher,person
Pope Celestine VI,person
Henry Miller,person
Thomas Y Crowell Company Publishers,institution
"Harcourt, Brace & Company",institution
Books for Libraries Press,institution
Four and Twenty Minds Essays,institution
Cid Corman,person
Belen Sevareid,person
Origin,institution
Grossman Publishers,institution
Las Americas Publishing Co,institution
Italica Press,institution
American Association for Italian Studies,institution
Brigham Young University,institution
Darina Laracy,person
Melvin Lasky,person
Bread and Wine,institution
Harrison Smith & Robert Haas,institution
"Row, Peterson & Company",institution
Central Intelligence Agency,institution
Jack Murphy,person
Susan Sontag,person
Isak Dinesen,person
Leonard Michaels,person
Patricia M Gathercole,person
Edgar Allan Poe,person
Studies in Short Fictions,institution
The Dial Press,institution
Dover Publications,institution
Marino Moretti,person
Gino Montesanto,person
Enrico Panunzio,person
Michele Prisco,person
Hall Wheelock,person
Anthony West,person
Adrienne Foulke,person
Ivan Simonini,person
Michael Josselson,person
Irving Brown,person
Haakon Lie,person
Arthur Koestler,person
Eugen Kogon,person
Carlo Schmid,person
David Rousset,person
Georges Altman,person
Tosco Fyvel,person
Denis de Rougemont,person
Nicolas Nabokov,person
Irving Kristol,person
James Burnham,person
Francois Bondy,person
Julian Gorkin,person
Friedrich Torberg,person
Arthur Schlesinger,person
Richard Lowenthal,person
Edward Shils,person
Daniel Bell,person
Michael Polanyi,person
Karl Jaspers,person
John Dewey,person
Jacques Maritain,person
Bertrand Russell,person
A J Ayer,person
Czeslaw Milosz,person
Benedetto Croce,person
Cuadernos,institution
Cultural and Scientific Conference for World Peace in New York,institution
International Secretariat,institution
Alfred Rosmer,person
Jean-Paul Sartre,person
Aldo Captini,person
Riccardo Bauer,person
Ferdinando Tartaglia,person
Isaac Rosenfeld,person
John Knox Jessup,person
Delmore Schwartz,person
Saul Steinberg,person
Dorothy Thompson,person
Bertram Wolfe,person
Politics,institution
The Nation,institution
Revolution Proletarienne,institution
Friends of Russian Freedom,institution
Americans for Intellectual Freedom,institution
Edward M Cifelli,person
Nona Domenica Garnaro,person
Remigio Pane,person
Frances Carter,person
Rico Lebrun,person
Gustave Dore,person
Rutgers University Press,institution
Folkways Records,institution
Prix de Rome,institution
Kanthos Press,institution
Giuseppe Pella,person
Giuseppe Zarrillo,person
Cesare Zavattini,person
Marco Bellocchio,person
Bernardo Bertolucci,person
Enrico Cervelli,person
Mario Sironi,person
Eugenio Carmi,person
Grosvenor Gallery,institution
Finch College,institution
Cipriana Artom Scelba,person
Giuliano Amato,person
Franco Ferrarotti,person
Giovanni Sartori,person
Carlo Rubbia,person
Tullio Regge,person
James Buchanan,person
Edoardo Amaldi,person
Luigi Dallapiccola,person
Gianfranco Pasquino,person
Giandomenico Picco,person
Irene Bignardi,person
Laura Lilli,person
Richard Serra,person
Philip Pearlstein,person
Dale Chihuly,person
Lorin Maazel,person
Mark Strand,person
Irving Levine,person
Henry Millon,person
Agostino Lombardo,person
Biancamaria Tedeschini Lalli,person
US Department of State,institution
Igor Markevitch,person
Beniamino Gigli,person
Aldo Palazzeschi,person
Ambrosiana Library,institution
New York Herald Tribune,institution
International News Services,institution
Harvill Press,institution
Cassell & Company,institution
Faber and Faber,institution
Valentino Bompiani,person
Antonio Barfi,person
George Plimpton Adams,person
John Elof Boodin,person
Mary Whiton Calkins,person
Durant Drake,person
Arthur Oncken Lovejoy,person
Evander Bradley McGilvari,person
William Pepperell Montague,person
Ralph Barton Perry,person
Arthur Kenyon Rogers,person
Roy Wood Sellars,person
Charles Auguste Strong,person
Carlo Coardi,person
Nathaniel Hawthorne,person
Jack London,person
Emilio Cecchi,person
Patricia Highsmith,person
Thomas Pynchon,person
Corrado Alvaro,person
Giuseppe Cassieri,person
Tonino Guerra,person
Luigi Malerba,person
Ercole Patti,person
Ugo Pirro,person
Mario Pomilio,person
Bonaventura Tecchi,person
Idee Nuove,institution
H Fertig,institution
L C Page & Company,institution
Foreign Press Service,institution
Americana,institution
RCS Libri,institution
Bompiani Historical Library,institution
I numeri,institution
Arthur Hornblow,person
Georges Herelle,person
Stephan George,person
Arthur Symons,person
Arthur Livingston,person
Federico Vittore Nardelli,person
"Holt, Reinhart & Winston",institution
Harvey House,institution
Henry Luce,person
Ada MacLeish,person
Mary de Rachewiltz,person
Shakespeare and Company,institution
Library of Congress,institution
Office of Facts and Figures,institution
War's Toll of Italian Art exhibition,institution
Jean-Jacques Annaud,person
New York University,institution
Milan Polytechnic,institution
Siex & Barral,institution
Harvard University Press,institution
Indiana University Press,institution
Bennett Cerf,person
Donald Klopfer,person
Michael Wharf,person
Giose Rimanelli,person
Archibald Colquhoun,person
Danilo Dolci,person
Antonia Cowan,person
Erich Linder,person
Agenzia Letteraria Internazionale,institution
Bertelsmann,institution
Ada Louise Huxtable,person
Frank Snowden Jr,person
United States Information Agency,institution
Anna von Weiskopf-Weiskoppen,person
Calogero Tumminelli,person
Emiliano Peruzzi,person
Giosue Carducci,person
Olga Ragusa,person
Isa Ragusa,person
Istituto dell'Enciclopedia Italiana Treccani,institution
Treves-Treccani-Tumminelli publishing group,institution
SF Vanni Publishers and Booksellers,institution
Permanent Exhibition of Italian Books,institution
William Randolph Hearst,person
Carmel Snow,person
Elsa Schiaparelli,person
Joshua L Liebeman,person
Paolo Boringhieri,person
Charles Angoff,person
Clarence R Decker,person
Charles Norman,person
Francesco Bianchi,person
Ferdinando Virdia,person
Attilio Bertolucci,person
Giacinto Spagnoletti,person
Claudio Gorlier,person
Giuseppe Viviani,person
Marino Marini,person
Mino Maccari,person
Niccolo Machiavelli,person
Joseph Tusiani,person
Domenico Rea,person
Anna Banti,person
Gianna Manzini,person
Anna Maria Ortese,person
Maria Luisa Spaziani,person
Sandro Penna,person
Carlo Betocchi,person
Raffaele Carrieri,person
Libero De Libero,person
Ugo Fasolo,person
Rosina Cancellieri,person
Peter Sammartino,person
John Fischer,person
Josephine P Ferrante,person
Willard Trask,person
Eric Sellin,person
Charles Guenther,person
Fairleigh Dickinson University,institution
Channel 9,institution
St Louis Public Library,institution
Manyland Books,institution
Sergio Pacifici,person
Luciano Rebay,person
Isabella Gardner,person
Ivar Ivask,person
Andrew Wylie,person
Briarcliff Quarterly,institution
Anthology of Italian Poetry,institution
Imitations,institution
Premio Penna d'oro,institution
Poetry Center in New York,institution
Books Abroad University of Oklahoma Prize for Literature,institution
Neustadt International Prize for Literature,institution
William Benton,person
Edward W Barret,person
Dean Acheson,person
President Eisenhower,person
Theodore C Streibert,person
Clare Boothe Luce,person
Office of Government Report,institution
Coordinator of Inter-American Affairs,institution
Office of the Coordinator of Information,institution
Office of International Information and Cultural Affairs,institution
International Broadcasting Division,institution
International Press and Publication Division,institution
International Motion Picture Division,institution
International Exchange of Persons Division,institution
Division of Libraries and Institutes,institution
Smith-Mundt Act,institution
International Information Administration,institution
President's Committee on International Information Activities,institution
Jackson Committee,person
William M Kendall,person
John J Freschi,person
John Paterno,person
Anthony Campagna,person
Michael Paterno,person
Charles Paterno,person
Circolo Italiano,institution
Barnard College,institution
New York City Landmarks Preservation Commission,institution
Lloyd A Free,institution
Allied Military Government,institution
Educational Exchange Program,institution
Walt Disney,institution
Giuseppe Antonio Borgese,person
Pearl S Buck,person
Luigi Santucci,person
Ugo Zatterin,person
Saverio Strati,person
Antonio Fogazzaro,person
Franco Fortini,person
Antonio Rinaldi,person
Roberto Roversi,person
Joyce Lussu,person
Giuseppe Dessi,person
Margaret Bottrall,person
Henry Furst,person
William Packer,person
Oscar de Liso,person
Dallas Time Herald,institution
Alfredo De Palchi,person
Sonia Raiziss,person
Guido Lopez,person
Glauco Cambon,person
Rocco Scotellaro,person
Leonardo Sinisgalli,person
Ursule Molinaro,person
Lynne Lawner,person
Margo Viscusi,person
Anthony Viscusi,person
Charles Wright,person
Piergiorgio Bellocchio,person
Paolo Carra,person
Sergio Quartesan,person
Ugo Carrega,person
Massimo Ferretti,person
Giorgio Cesarano,person
Bartolo Cattafi,person
Alberto Gozzi,person
Gaetano Testa,person
Nanni Balestrini,person
Alfredo Giuliani,person
Toti Scialoja,person
Luigi Fontanella,person
Bantam Books,institution
George Weller,person
Harold Weir,person
Ministry of Foreign Affairs,institution
Chicago Daily News,institution
Mary Donovan,person
Powers Hapgood,person
Catherine Huntington,person
Creighton Hill,institution
Gardner Jackson,person
C W Whitemore,person
Carlo Sforza,person
Aldo Garosci,person
Helen Paquin,person
Italian Republican Party,institution
Mazzini Society,institution
Boston University,institution
War Department's Information,institution
Bibliografia Salveminiana,institution
Guida bibliografica degli scrittori italiani in esilio,institution
Belfagor,institution
Paola Mazzetti,person
Robert Einstein,person
Albert Einstein,person
Franz Kafka,person
Lindsay Anderson,person
Tony Richardson,person
Karel Reisz,person
Marguerite Waldeman,person
Slade School of Fine Art,institution
Free Cinema Movement,institution
Viareggio Prize,institution
Aldo Garzanti Editore,institution
David McKay Company,institution
George Weidenfeld,person
Terence Kilmartin,person
L K Conrad,person
Vernon Scannel,person
Josephine de Boer,person
William Mostyn-Owen,person
Irwin Shaw,person
Piero Sraffa,person
Francis Bacon,person
Eric Hobsbawm,person
Antonia Fraser,person
John Pope-Hennessy,person
St Martin's School of Art,institution
Observer,institution
New Statesman,institution
Pamela Swinglehurst,person
Mihaly Csikszentmihalyi,person
NASA,institution
Horizon Press Publishers,person
Anthony Chiuminatto,person
Constance Dowling,person
Donald D Paige,person
Robert W Flint,person
Donald Heiney,person
Gian Paolo Biasin,person
The Kenyon Review,institution
Cornell University Press,institution
Lux Film,person
Franco Angeli,person
Silvia Stefani,person
Bruno Oddera,person
Magda de Cristofaro,person
Luciano Bianciardi,person
Vincenzo Mantovani,person
Miro Silvera,person
Carlo Corsi,person
Pier Francesco Paolini,person
Gian Pieretti,person
Alberto Arbasino,person
Club degli Editori,institution
Sugar,institution
Arcana Editrice,person
Alberto Mondadori,person
Peter Orlovski,person
Peggy Guggenheim,person
Alan Ansen,person
Peter Orlovsky,person
Il Tarocco,institution
Pianeta Fresco,person
Donatella Manganotti,person
Giulio Saponaro,person
Giansitto Ferrata,person
Oreste del Buono,person
Olympia Press,person
Gianni Milano,person
Antonio Infantino,person
Charles Bukowski,person
Ottavio Rosati,person
Charles L'Episcopo,person
The Bishop Lito Co.,institution
Peter L'Episcopo,person
Angelina Anfuso,person
Victor Anfuso,person
Domenico Ricceri,person
Salvatore Mario Castagna,person
Nando Rossi,person
Nino Manno,person
Andre Luotto,person
Frank V Liotta,person
Giorgio Gatti,person
Amelia Bonvicino,person
Eugene Luotto,person
Amerigo Ruggiero,person
J A Antonucci,person
Alex Sandri-White,person
Elena Giurdanella,person
Anna Di Pasqua,person
J Rodman,person
G Adams,person
Marco Valsecchi,person
Umberto Gozzano,person
Mario Ruggeri,person
Gino Valori,person
Mary Carrara,person
Francesco Lanza,person
Carola Prosperi,person
Luigi Pirandello,person
Maria Crocetti,person
Elisa Odabella,person
Clara Grifoni,person
Alberto G Scapazzoni,person
Gino Cenni,person
Valentino Gavi,person
Nicola Boileau,person
Franco Villa,person
Ugo Banfi,person
G Antonelli,person
Carlo Manzoni,person
Milly Dandolo,person
Dino Falconi,person
Lucio D'Ambra,person
Dino Provenzal,person
Gasperini e Riva,person
Tilde Botta,person
Arrigo Boito,person
Vincenzo Cardarella,person
Enrico Roda,person
Salvator Gotta,person
Federico Mennella,person
OR Iolo,person
Diego Valeri,person
G Zavattaro,person
Alan Jones,person
Gino Pelli,person
FM Peman,person
Aldo Capasso,person
Ernesto Lenger,person
W S Maugham,person
Dino Campana,person
Alessandro Dumas,person
E Suderman,person
TE Brown,person
GB Corelli,person
Edgardo Baldi,person
Umberto Barbaro,person
H Williamson,person
Lucilla Antonelli,person
Edoardo Mottini,person
Enrico Caprile,person
Ada Negri,person
Eca de Queiroz,person
Iean Giono,person
Giovanni Bertacchi,person
Elisa Cibrario,person
Vittorio Malpassuti,person
G Scortecci,person
Alfredo Panzini,person
Aldo Fieri,person
CA Callado,person
Francesco Pastonchi,person
Dott Ansermin,person
Giorgio Venturi,person
M Tibaldi,person
Bianca de Mai,person
Alfredo Palaneschi,person
GM Varga,person
Gino Giulini,person
Leonardo Merrick,person
Selma Lagerlof,person
Anselmo Goli,person
Diego Calcagno,person
Vittorio Calvino,person
AM Ciriello,person
Ottavio Mirbeau,person
Giorgio Agosti,person
Sergio Rolli,person
Marcello Arduino,person
Michele Mastropaolo,person
CI Romano,person
Edoardo Zavattari,person
Arnaldo Cipolla,person
G Bongiovanni,person
Vittorio Buttafava,person
Camillo Balbis,person
Teresa Sensi,person
Ennio Ferrari,person
Mario Siena,person
Fosco Della Ripa,person
Elpidio Jenco,person
Enrica Viviani Della Robbia,person
Severino Pagani,person
Giacomo Zanella,person
Salvatore Sturiale,person
Augusto Baily,person
Eva Ponti,person
Alfredo Manzini,person
Augusto Berty,person
Cesare Zavattini,person
Sergio Franzi,person
Giuseppe Marotta,person
Nino Petrucci,person
Giovanni Papini,person
Antonio Miotto,person
Iole Rizzo Alkalay,person
N Pende,person
Giulio Petroni,person
Giorgio Gigli,person
D Bartoli,person
Pietro Solari,person
Edilio Rusconi,person
Domenico Porzio,person
Orio Vergani,person
L Confalonieri,person
T Hyde Phillips,person
Augusto Dore',person
Alberto Mario,person
Oscar Pio,person
Lee Posner,person
F B La Rossa,person
Eldo Marchetti,person
Clara Zambolini,person
Ugo Palanza,person
De Gennaro,person
Ciro Poggiali,person
Stefano Frati,person
Elio D'Aurora,person
A Padovan,person
Nelly Chiaramonte,person
F Zambolini,person
Anna Marisa Recupito,person
Vittorio Famularo,person
G Descalzo,person
Mario Cardano,person
B T Avancini,person
Carlo Cecioli,person
I Scimone,person
Cesare Gargano,person
Toto R Milana D'Aragona,person
Louis Accotto,person
Laura Maresca,person
John P Baione,person
S Bianco,person
Giovanni John Abys,person
Frank Cariello,person
Aldo Adami,person
Amelia Gasparetto,person
Mark Twain,person
Mario Basile,person
D Diego,person
Gastone Tanzi,person
Marta Belloni,person
Francesco Meirano,person
C Rossi,person
Teofilo Gautier,person
Enrico Serretta,person
Rosaria Lebrizzi,person
FM Maccio',person
Ugo Marini,person
D D'Arezzo,person
Giuseppe Zucca,person
Ugo Altalena ,person
Merce Mundula,person
O Henry,person
Flavia Steno,person
Giacomo Etna,person
Novella di Teresah,person
Maria Donati ,person
Luciano Zuccoli,person
Ada Renni,person
Cosimo Giorgieri Contri,person
Giovanni Pascoli,person
Luisa Giuliani,person
Dina Faivano,person
CA Faivano,person
Mario La Stella,person
Antonia Benanti,person
Guido Rivoli,person
Pia Rimini,person
Luigi Orsini,person
L Mandula,person
M Guarraci,person
Giulio Orsini,person
Giorgio Mariani,person
G Bocacchi,person
G Di Giacomo,person
Giuseppe Marotta,person
Trilussa,person
Amanda Guglielminetti,person
Pietro Greco,person
Doris Anny,person
Francis Marion Crawford,person
C Giacchetti,person
Paolo Nalti,person
Marise Ferro,person
Felice Soffre',person
Alberto Zuccari,person
Giulio Ardenghi,person
Giosue' Di Leo,person
Maria Gianpietro,person
Franco Sacchetti,person
Edoardo Ferrante,person
Aldo Mastri,person
Rodolfio Mancini,person
Tito Alippi,person
Bernard M Baruch,person
Italo Stanco,person
Gino Bufo,person
Lia Jeno,person
Argentina Brunetti,person
Eligio G Barberis,person
R Sabatino,person
G D'Attili,person
Sylvia Miller Valenti,person
Salvatore Viola,person
A Restelli,person
Dora R,person
Giorgio Padovani,person
Luigi Balzano Conti,person
Helen Mandrais,person
B Aquaro-Deodati,person
Giovanna Altamura,person
Gino Carucci,person
Rita Ferroni,person
Fernanda Luzio Santoro,person
Erberto Landi,person
Mario Palladini,person
Francesco Pennini,person
Giulio Pastore,person
Ivan Matteo Lombardo,person
Serafino Romualdi,person
Gabriele Villa,person
Luigi Antonini,person
Vanni Buscemi Montana,person
Frank Andolina,person
Girolamo Valenti,person
Walter P Reuther,person
Frank Bellanca,person
Rolando Cirri,person
Enzo De Luca,person
Ruggero Pietro Situlin,person
Angiolo Silvio Novaro,person
Pina Ballario,person
Franco Caburi,person
A Gariboldi,person
Gino Gazzini Roner,person
Guido Mazzaraco,person
Paolo Mantegazza,person
Dario Arfelli,person
Guglielmo Giannini,person
Guelfo Civinini,person
Iginio Fuga,person
Giuseppe Colli,person
Benedetto Ciaceri,person
Ugo Vittori,person
Aldo De Dominicis,person
Anthony Scardino,person
Olga Gallot,person
Carlo Sabatini,person
Paola Panichi,person
Achille Campanile,person
Arnaldo Gariboldi,person
Girolamo Rovetta,person
Ferrante Aporti,person
Mario Buzzichini,person
Agostino de Biasi,person
Alfonso Carpentieri,person
Lalla Romano,person
Carlo Poerio,person
Lorenzo Lucarelli,person
Augusto Iandolo,person
Luigi Varallo,person
Giovanni P D'Araio,person
Ferrante Alvaro de Torres,person
Attilio Rovinelli,person
Edmondo De Amicis,person
Aldo Palazzeschi,person
Enrico Ragusa,person
Mario Puccini,person
A Marchi,person
G Isola,person
Pasquale Ruocco,person
Piero Fortunato,person
Maria Luisa Fiumi,person
Maria Sacconi,person
Pio Sterbini,person
Giovanni Banfi,person
Mario Brunetti,person
Padre Alberto Scotton,person
Giovanni Marradi,person
Vittoria Aganoor,person
Aristide Bosi,person
Stelio Tommei,person
Antonio Selva,person
M Menicucci,person
Roberto Landi,person
Pierluigi Manfredini,person
Dario Cecchi,person
Gian Mirola,person
Carlo Nerini,person
Anatolio Della Maggiora,person
Thomas Russo,person
Giuseppe Tusiani,person
G Altini,person
Santo Casillo,person
A Violante,person
A Setti,person
Elisa Trapani,person
Vittorio Cerroni,person
A Podda,person
Alessandro Manzoni,person
Milena Baldazzi,person
G Fontana,person
Vittorio Bisi,person
Giuseppe Capogreco,person
Silvio Pellico,person
Massimo d'Azeglio,person
Dina Pollak,person
G Di Gioia,person
Pietro Fortunato,person
Onorio Ruotolo,person
Rosa Trillo Clough,person
Luigi Brunetti,person
Carmine Sampugnaro,person
G Moccagatta,person
G Angerissola,person
G Giardini,person
Genuzio Bentini,person
F Rizzatti,person
Bela Bak,person
Stantino Re,person
Marlen D,person
F Fasolo,person
G Maugeri,person
S Bertoldi,person
A Miotto,person
Vittoria Belluschi,person
G Pullon,person
R Wirkman,person
A Grimaldi,person
G Poggi,person
Mario Musella,person
Mino Caudana,person
Matilde Serao,person
Academy Awards,institution
Alberto Denti,person
All American Press,institution
Amalgamated Clothing Workers of America,institution
Amedeo d'Aosta,person
Annabella,institution
Antonio Margheriti,person
Antonio Salandra,person
Arturo Giovannitti,person
Arturo Graf,person
Bernard Wall,person
Borla,institution
Bruno Maffi,person
Carlo Bilotti,person
Carlo Bo,person
Carlo Ponti,person
Carlo Tresca,person
Carosello,institution
Cinecitta,institution
Claudia Cardinale,person
Commercial Radio Service,institution
Compagnia Italiana Cinematografica Lux,institution
Dino De Laurentis,person
Domenico Modugno,person
Dorothy Parker,person
Edward Corsi,person
Elio Petri,person
Elsie Garaventa,person
Enrico Caprili,person
Ester Danesi Traversari,person
Eva Amendola,person
Fauno Film,institution
Franco Cristaldi,person
Frank Capra,person
Generoso Pope,person
Gente,institution
Gioia,institution
Giovanni Schiavo,person
Grazia,institution
Guido Gozzano,person
Il Commercio,institution
Il Fuoco,institution
Il Milione,institution
Il Nuovo Mondo/La Stampa Libera,institution
Il Progresso,institution
Incom,institution
International Ladies Garment Workers Union,institution
Italian Sons of America,institution
Italian-American Labor Council,institution
John Fante,person
John Stainbeck,person
Joseph Catalanotti,person
Joseph L'Episcopo,person
Julius La Rosa,person
L'Italia che scrive,institution
L'Unita,institution
La Donna,institution
La Follia di New York,institution
La Giustizia,institution
La Lettura,institution
La Settimana,institution
Laura Vagliasindi,person
Leonard Covello,person
Liliana Bonini,person
Lydia Magliano,person
Marcello Mastroianni,person
Mario Monicelli,person
Metro-Goldwyn-Mayer,institution
Michael Moore,person
Michelangelo Antonioni,person
Mike Bongiorno,person
Nicola Fiorelli,person
Novella,institution
Nuovi Argomenti,institution
Perry Como,person
Pettinella Advertising Company,institution
Pietro Di Donato,person
Pietro Germi,person
Renato Guttuso,person
Salvatore Castagna,person
Salvatore Ninfo,person
Sanremo Festival,institution
Sophia Loren,person
St John's University,institution
Suso Cecchi D'Amico,person
The Italian Tribune,institution
The Julius La Rosa Show,institution
Vamba,person
WNHC,institution
William Saroyan,person
Leonardo Annual Magazine,institution
Libero Andreotti,person
Luigi Barzini,person
Paolo Boselli,person
Roberto Bracco,person
Nicol˜ Brunori,person
Don Gelasio Caetani,person
Antonio Calitri,person
Ercole Cantelmo,person
Fernando Ciavatta,person
Auro D'Alba,person
Gabriele d'Annunzio,person
Guido da Verona,person
Agostino de Biasi,person
Pasquale de Biasi,person
Giacomo N. de Martino,person
Paolo de Vecchi,person
Salvatore di Giacomo,person
Favonio di Giura,person
Aldo di Leo,person
Giuseppe Errico,person
Michele Falanga,person
A. Frabasilis,person
Francesco Galante,person
Giulio Gatti-Casazza,person
Arturo Giovannitti,person
Ernesto Grasso,person
Franco Lalli,person
Aldo Lazzarini,person
Antonio Locatelli,person
Achille Marcolongo,person
Domenico Marino,person
Armando Mazza,person
Paolo Michetti,person
A. Mungo,person
G. Mungo,person
Giovanni Papini,person
Luigi Pirandello,person
Edmondo Pizzella,person
Giuseppe Prezzolini,person
Luigi Rava,person
Corrado Ricci,person
Semplicio Righi,person
Luigi Roversi,person
Onorio Ruotolo,person
Francesco Sisca,person
Nino Sparacino,person
Italo Stanco,person
Domenico Trentacoste,person
Ernesto Valentini,person
Gianni Viafora,person
Vincenzo Volpe,person
Corrado Alvaro,person
Ugo Betti,person
Massimo Bontempelli,person
Libero Bovio,person
Anton Giulio Bragaglia,person
Roberto Bracco,person
Achille Campanile,person
Lucio D'Ambra,person
Ernesto Daquanno,person
Grazia Deledda,person
Matilde Serao,person
Annie Vivanti,person
Dino Falconi,person
Angelo Frattini,person
Guido Milanesi,person
Alfredo Panzini,person
Luigi Pirandello,person
Ferdinando Russo,person
Giuseppe Villaroel,person
Giuseppina Ferioli,person
Henri Duvernois,person
Alfredo Capus,person
Paul Laffitte,person
Leonida Andrejeff,person
Sandro Sandri,person
Ernesto Daquanno,person
Massimo Bontempelli,person
Lorenzo Gigli,person
Luigi Pirandello,person
Carlo Salsa,person
Ugo Betti,person
Leo Longanesi,person
Cesare Zavattini,person
Leonardo Sinisgalli,person
Leonida Repaci,person
Vittorio Gorresio,person
Luigi Chiarelli,person
Giuseppe Marotta,person
Gian Gaspare Napolitano,person
Arturo Tofanelli,person
Ercole Patti,person
Vitaliano Brancati,person
Alessandro Bonsanti,person
Vincenzo Talarico,person
Achille Campanile,person
Marcello Girosi,person
Panorama,institution
Fortuna Publishing,institution
Conrad Nagel Theater,institution
Le maschere,institution
Giuliano Gerbi,person
Carlo Vinti,person
Giuliano Gerbi,person
WABD,institution
WOR,institution
WABC,institution
WATV,institution
Aldo Aldi,person
Voice of America,institution
Renzo Renzi,person
Roberto Campa,person
Mariella de Pisa,person
Luigi Racca,person
Edoardo Vergara-Caffarelli,person
Giorgio Tagliacozzo,person
Marcello Maestro,person
Gian Carlo Rossini,person
Erberto Landi Enterprises,institution
Landi Advertisement Co,institution
Claudio Villa,person
Gino Latila,person
Carla Boni,person
Italclub Inc,institution
Neapolitan Song Festival,institution
Cantagiro,institution
Connie Francis,person
WHOM,institution
Orietta Berti,person
Peppino Di Capri,person
Iva Zanicchi,person
Renato Carosone,person
Rita Pavone,person
WBNX,institution
WNCW,institution
CBS,institution
Jimmy Roselli,person
Milva,person
Luciano Tajoli,person
Nino Taranto,person
Sergio Bruni,person
Achille Togliani,person
Giuseppe Anedda,person
Luciano Virgili,person
Marino Marini,person
Tullio Pane,person